id,year,region,team,loss_fraction,important_external_score,all_external_score,internal_score,seeded_internal_score
2012-LCK-AZF,2012,LCK,Azubu Frost,25,2.0,12.409722222222221,,4.5
2012-LCK-AZF,2012,LCK,Azubu Frost,50,2.0,10.534722222222221,,4.5
2012-LCK-AZF,2012,LCK,Azubu Frost,75,2.0,8.659722222222221,,4.5
2012-LCK-NJS,2012,LCK,NaJin Sword,25,,5.125,,3.0
2012-LCK-NJS,2012,LCK,NaJin Sword,50,,4.25,,3.0
2012-LCK-NJS,2012,LCK,NaJin Sword,75,,3.375,,3.0
2012-LPL-iG,2012,LPL,Invictus Gaming,25,-1.375,2.625,,3.0
2012-LPL-iG,2012,LPL,Invictus Gaming,50,-2.75,1.25,,3.0
2012-LPL-iG,2012,LPL,Invictus Gaming,75,-4.125,-0.125,,3.0
2012-LPL-WE,2012,LPL,Team WE,25,,-0.6805555555555556,,4.5
2012-LPL-WE,2012,LPL,Team WE,50,,-1.5555555555555556,,4.5
2012-LPL-WE,2012,LPL,Team WE,75,,-2.4305555555555554,,4.5
2013-LCK-NJS,2013,LCK,Najin Black Sword,25,,3.888888888888889,-1.375,3.125
2013-LCK-NJS,2013,LCK,Najin Black Sword,50,,3.888888888888889,-3.25,1.25
2013-LCK-NJS,2013,LCK,Najin Black Sword,75,,3.888888888888889,-5.125,-0.625
2013-LCK-SKT,2013,LCK,SK Telecom T1,25,10.25,26.333333333333332,8.25,9.75
2013-LCK-SKT,2013,LCK,SK Telecom T1,50,9.75,25.833333333333332,8.25,9.75
2013-LCK-SKT,2013,LCK,SK Telecom T1,75,9.25,25.333333333333332,8.25,9.75
2013-LCK-SSO,2013,LCK,Samsung Ozone,25,-1.0,8.0,,3.0
2013-LCK-SSO,2013,LCK,Samsung Ozone,50,-2.0,6.0,,3.0
2013-LCK-SSO,2013,LCK,Samsung Ozone,75,-3.0,4.0,,3.0
2013-LPL-OMG,2013,LPL,OMG,25,1.5,13.5,-0.875,2.125
2013-LPL-OMG,2013,LPL,OMG,50,1.0,13.0,-1.75,1.25
2013-LPL-OMG,2013,LPL,OMG,75,0.5,12.5,-2.625,0.375
2013-LPL-RYL,2013,LPL,Royal Club,25,6.5625,6.5625,4.083333333333333,8.583333333333332
2013-LPL-RYL,2013,LPL,Royal Club,50,4.6875,4.6875,4.083333333333333,8.583333333333332
2013-LPL-RYL,2013,LPL,Royal Club,75,2.8125,2.8125,4.083333333333333,8.583333333333332
2014-LCK-NJWS,2014,LCK,NaJin White Shield,25,-0.375,7.125,,1.5
2014-LCK-NJWS,2014,LCK,NaJin White Shield,50,-2.75,4.25,,1.5
2014-LCK-NJWS,2014,LCK,NaJin White Shield,75,-5.125,1.375,,1.5
2014-LCK-SSB,2014,LCK,Samsung Galaxy Blue,25,4.0,17.9375,-1.875,2.625
2014-LCK-SSB,2014,LCK,Samsung Galaxy Blue,50,4.0,17.4375,-3.75,0.75
2014-LCK-SSB,2014,LCK,Samsung Galaxy Blue,75,4.0,16.9375,-5.625,-1.125
2014-LCK-SSW,2014,LCK,Samsung Galaxy White,25,12.4375,28.875,8.75,11.75
2014-LCK-SSW,2014,LCK,Samsung Galaxy White,50,12.4375,28.875,8.75,11.75
2014-LCK-SSW,2014,LCK,Samsung Galaxy White,75,12.4375,28.875,8.75,11.75
2014-LPL-EDG,2014,LPL,Edward Gaming,25,-1.0,6.5,-1.375,3.125
2014-LPL-EDG,2014,LPL,Edward Gaming,50,-2.0,5.0,-3.25,1.25
2014-LPL-EDG,2014,LPL,Edward Gaming,75,-3.0,3.5,-5.125,-0.625
2014-LPL-OMG,2014,LPL,OMG,25,7.75,13.25,-1.375,0.125
2014-LPL-OMG,2014,LPL,OMG,50,6.75,11.75,-3.25,-1.75
2014-LPL-OMG,2014,LPL,OMG,75,5.75,10.25,-5.125,-3.625
2014-LPL-SHRC,2014,LPL,Star Horn Royal Club,25,-1.5625,7.9375,16.5,19.5
2014-LPL-SHRC,2014,LPL,Star Horn Royal Club,50,-3.4375,5.5625,16.5,19.5
2014-LPL-SHRC,2014,LPL,Star Horn Royal Club,75,-5.3125,3.1875,16.5,19.5
2015-LCK-KOO,2015,LCK,KOO Tigers,25,8.75,15.75,6.875,9.875
2015-LCK-KOO,2015,LCK,KOO Tigers,50,8.75,14.75,5.0,8.0
2015-LCK-KOO,2015,LCK,KOO Tigers,75,8.75,13.75,3.125,6.125
2015-LCK-KT,2015,LCK,KT Rolster,25,4.0,9.5,-1.5625,-0.0625
2015-LCK-KT,2015,LCK,KT Rolster,50,4.0,9.0,-3.4375,-1.9375
2015-LCK-KT,2015,LCK,KT Rolster,75,4.0,8.5,-5.3125,-3.8125
2015-LCK-SKT,2015,LCK,SKTelecom T1,25,10.583333333333334,39.083333333333336,8.4375,12.9375
2015-LCK-SKT,2015,LCK,SKTelecom T1,50,9.333333333333334,37.833333333333336,8.4375,12.9375
2015-LCK-SKT,2015,LCK,SKTelecom T1,75,8.083333333333334,36.583333333333336,8.4375,12.9375
2015-LPL-EDG,2015,LPL,Edward Gaming,25,3.375,20.208333333333332,,3.0
2015-LPL-EDG,2015,LPL,Edward Gaming,50,0.25,17.083333333333332,,3.0
2015-LPL-EDG,2015,LPL,Edward Gaming,75,-2.875,13.958333333333334,,3.0
2015-LPL-iG,2015,LPL,Invictus Gaming,25,-1.0,2.0,,1.5
2015-LPL-iG,2015,LPL,Invictus Gaming,50,-2.0,0.0,,1.5
2015-LPL-iG,2015,LPL,Invictus Gaming,75,-3.0,-2.0,,1.5
2015-LPL-LGD,2015,LPL,LGD Gaming,25,-1.0,2.0,,4.5
2015-LPL-LGD,2015,LPL,LGD Gaming,50,-2.0,0.0,,4.5
2015-LPL-LGD,2015,LPL,LGD Gaming,75,-3.0,-2.0,,4.5
2016-LCK-ROX,2016,LCK,ROX Tigers,25,12.4375,17.4375,-1.375,3.125
2016-LCK-ROX,2016,LCK,ROX Tigers,50,12.4375,16.4375,-3.25,1.25
2016-LCK-ROX,2016,LCK,ROX Tigers,75,12.4375,15.4375,-5.125,-0.625
2016-LCK-SKT,2016,LCK,SK Telecom T1,25,20.8125,34.395833333333336,16.5,19.5
2016-LCK-SKT,2016,LCK,SK Telecom T1,50,20.5625,32.895833333333336,16.5,19.5
2016-LCK-SKT,2016,LCK,SK Telecom T1,75,20.3125,31.395833333333332,16.5,19.5
2016-LCK-SSG,2016,LCK,Samsung Galaxy,25,4.0,27.0,-1.375,0.125
2016-LCK-SSG,2016,LCK,Samsung Galaxy,50,4.0,26.5,-3.25,-1.75
2016-LCK-SSG,2016,LCK,Samsung Galaxy,75,4.0,26.0,-5.125,-3.625
2016-LPL-EDG,2016,LPL,Edward Gaming,25,-1.5625,4.9375,,4.5
2016-LPL-EDG,2016,LPL,Edward Gaming,50,-3.4375,1.5625,,4.5
2016-LPL-EDG,2016,LPL,Edward Gaming,75,-5.3125,-1.8125,,4.5
2016-LPL-IM,2016,LPL,I MAY,25,-1.0,2.0,,1.5
2016-LPL-IM,2016,LPL,I MAY,50,-2.0,0.0,,1.5
2016-LPL-IM,2016,LPL,I MAY,75,-3.0,-2.0,,1.5
2016-LPL-RNG,2016,LPL,Royal Never Give Up,25,-0.8541666666666666,9.395833333333334,,3.0
2016-LPL-RNG,2016,LPL,Royal Never Give Up,50,-5.229166666666667,4.270833333333333,,3.0
2016-LPL-RNG,2016,LPL,Royal Never Give Up,75,-9.604166666666666,-0.8541666666666666,,3.0
2017-LCK-LZ,2017,LCK,Longzhu Gaming,25,,12.0,-1.875,2.625
2017-LCK-LZ,2017,LCK,Longzhu Gaming,50,,12.0,-3.75,0.75
2017-LCK-LZ,2017,LCK,Longzhu Gaming,75,,12.0,-5.625,-1.125
2017-LCK-SKT,2017,LCK,SK Telecom T1,25,20.625,44.958333333333336,-1.875,1.125
2017-LCK-SKT,2017,LCK,SK Telecom T1,50,20.375,43.958333333333336,-3.75,-0.75
2017-LCK-SKT,2017,LCK,SK Telecom T1,75,20.125,42.958333333333336,-5.625,-2.625
2017-LCK-SSG,2017,LCK,Samsung Galaxy,25,11.4375,15.4375,17.5,19.0
2017-LCK-SSG,2017,LCK,Samsung Galaxy,50,10.4375,14.4375,17.5,19.0
2017-LCK-SSG,2017,LCK,Samsung Galaxy,75,9.4375,13.4375,17.5,19.0
2017-LPL-EDG,2017,LPL,Edward Gaming,25,-1.0,2.0,,4.5
2017-LPL-EDG,2017,LPL,Edward Gaming,50,-2.0,0.0,,4.5
2017-LPL-EDG,2017,LPL,Edward Gaming,75,-3.0,-2.0,,4.5
2017-LPL-RNG,2017,LPL,Royal Never Give Up,25,4.125,16.5625,,3.0
2017-LPL-RNG,2017,LPL,Royal Never Give Up,50,1.75,14.1875,,3.0
2017-LPL-RNG,2017,LPL,Royal Never Give Up,75,-0.625,11.8125,,3.0
2017-LPL-WE,2017,LPL,Team WE,25,0.14583333333333337,38.145833333333336,,1.5
2017-LPL-WE,2017,LPL,Team WE,50,-3.2291666666666665,33.770833333333336,,1.5
2017-LPL-WE,2017,LPL,Team WE,75,-6.604166666666667,29.395833333333332,,1.5
2018-LCK-AF,2018,LCK,Afreeca Freecs,25,,5.125,,3.0
2018-LCK-AF,2018,LCK,Afreeca Freecs,50,,2.25,,3.0
2018-LCK-AF,2018,LCK,Afreeca Freecs,75,,-0.625,,3.0
2018-LCK-GEN,2018,LCK,Gen.G eSports,25,-1.0,-0.5,,1.5
2018-LCK-GEN,2018,LCK,Gen.G eSports,50,-2.0,-3.0,,1.5
2018-LCK-GEN,2018,LCK,Gen.G eSports,75,-3.0,-5.5,,1.5
2018-LCK-KT,2018,LCK,KT Rolster,25,0.125,8.125,,4.5
2018-LCK-KT,2018,LCK,KT Rolster,50,-2.25,5.75,,4.5
2018-LCK-KT,2018,LCK,KT Rolster,75,-4.625,3.375,,4.5
2018-LPL-EDG,2018,LPL,Edward Gaming,25,-0.0625,19.6875,,1.5
2018-LPL-EDG,2018,LPL,Edward Gaming,50,-2.4375,16.3125,,1.5
2018-LPL-EDG,2018,LPL,Edward Gaming,75,-4.8125,12.9375,,1.5
2018-LPL-iG,2018,LPL,Invictus Gaming,25,18.0,34.75,,3.0
2018-LPL-iG,2018,LPL,Invictus Gaming,50,17.0,33.75,,3.0
2018-LPL-iG,2018,LPL,Invictus Gaming,75,16.0,32.75,,3.0
2018-LPL-RNG,2018,LPL,Royal Never Give Up,25,18.208333333333332,26.333333333333332,,4.5
2018-LPL-RNG,2018,LPL,Royal Never Give Up,50,17.958333333333332,22.708333333333332,,4.5
2018-LPL-RNG,2018,LPL,Royal Never Give Up,75,17.708333333333332,19.083333333333332,,4.5
2019-LCK-DWG,2019,LCK,DAMWON Gaming,25,2.4375,24.375,,1.5
2019-LCK-DWG,2019,LCK,DAMWON Gaming,50,0.5625,22.0,,1.5
2019-LCK-DWG,2019,LCK,DAMWON Gaming,75,-1.3125,19.625,,1.5
2019-LCK-GRF,2019,LCK,Griffin,25,1.9375,9.9375,,3.0
2019-LCK-GRF,2019,LCK,Griffin,50,-0.4375,7.5625,,3.0
2019-LCK-GRF,2019,LCK,Griffin,75,-2.8125,5.1875,,3.0
2019-LCK-SKT,2019,LCK,SK Telecom T1,25,1.7708333333333335,21.708333333333332,,4.5
2019-LCK-SKT,2019,LCK,SK Telecom T1,50,-2.1041666666666665,17.333333333333332,,4.5
2019-LCK-SKT,2019,LCK,SK Telecom T1,75,-5.979166666666667,12.958333333333334,,4.5
2019-LPL-FPX,2019,LPL,Funplus Phoenix,25,8.75,26.1875,8.4375,12.9375
2019-LPL-FPX,2019,LPL,Funplus Phoenix,50,8.75,25.1875,8.4375,12.9375
2019-LPL-FPX,2019,LPL,Funplus Phoenix,75,8.75,24.1875,8.4375,12.9375
2019-LPL-iG,2019,LPL,Invictus Gaming,25,10.1875,23.145833333333332,-1.5625,-0.0625
2019-LPL-iG,2019,LPL,Invictus Gaming,50,8.9375,20.645833333333332,-3.4375,-1.9375
2019-LPL-iG,2019,LPL,Invictus Gaming,75,7.6875,18.145833333333332,-5.3125,-3.8125
2019-LPL-RNG,2019,LPL,Royal Never Give Up,25,-1.0,4.5,,3.0
2019-LPL-RNG,2019,LPL,Royal Never Give Up,50,-2.0,3.0,,3.0
2019-LPL-RNG,2019,LPL,Royal Never Give Up,75,-3.0,1.5,,3.0
2020-LCK-DWG,2020,LCK,DAMWON Gaming,25,18.375,26.375,8.75,13.25
2020-LCK-DWG,2020,LCK,DAMWON Gaming,50,17.875,25.875,8.75,13.25
2020-LCK-DWG,2020,LCK,DAMWON Gaming,75,17.375,25.375,8.75,13.25
2020-LCK-DRX,2020,LCK,DragonX,25,-1.0,7.0,-1.875,1.125
2020-LCK-DRX,2020,LCK,DragonX,50,-2.0,6.0,-3.75,-0.75
2020-LCK-DRX,2020,LCK,DragonX,75,-3.0,5.0,-5.625,-2.625
2020-LCK-GEN,2020,LCK,Gen.G eSports,25,2.125,7.625,,1.5
2020-LCK-GEN,2020,LCK,Gen.G eSports,50,0.25,5.25,,1.5
2020-LCK-GEN,2020,LCK,Gen.G eSports,75,-1.625,2.875,,1.5
2020-LPL-JDG,2020,LPL,JD Gaming,25,1.5,7.0,-1.5625,1.4375
2020-LPL-JDG,2020,LPL,JD Gaming,50,1.0,6.0,-3.4375,-0.4375
2020-LPL-JDG,2020,LPL,JD Gaming,75,0.5,5.0,-5.3125,-2.3125
2020-LPL-LGD,2020,LPL,LGD Gaming,25,-1.0,24.5,,0.0
2020-LPL-LGD,2020,LPL,LGD Gaming,50,-2.0,21.5,,0.0
2020-LPL-LGD,2020,LPL,LGD Gaming,75,-3.0,18.5,,0.0
2020-LPL-SN,2020,LPL,Suning,25,1.9375,7.4375,16.875,18.375
2020-LPL-SN,2020,LPL,Suning,50,-0.4375,4.5625,16.875,18.375
2020-LPL-SN,2020,LPL,Suning,75,-2.8125,1.6875,16.875,18.375
2020-LPL-TES,2020,LPL,Top Esports,25,4.0,17.75,-1.5625,2.9375
2020-LPL-TES,2020,LPL,Top Esports,50,4.0,17.25,-3.4375,1.0625
2020-LPL-TES,2020,LPL,Top Esports,75,4.0,16.75,-5.3125,-0.8125
2021-LCK-DK,2021,LCK,DWG KIA,25,17.458333333333332,36.208333333333336,8.25,12.75
2021-LCK-DK,2021,LCK,DWG KIA,50,13.833333333333334,32.333333333333336,8.25,12.75
2021-LCK-DK,2021,LCK,DWG KIA,75,10.208333333333334,28.458333333333332,8.25,12.75
2021-LCK-GEN,2021,LCK,Gen.G eSports,25,3.625,15.875,,3.0
2021-LCK-GEN,2021,LCK,Gen.G eSports,50,0.75,12.5,,3.0
2021-LCK-GEN,2021,LCK,Gen.G eSports,75,-2.125,9.125,,3.0
2021-LCK-HLE,2021,LCK,Hanwha Life eSports,25,0.5,20.75,-1.875,-1.875
2021-LCK-HLE,2021,LCK,Hanwha Life eSports,50,-1.0,18.75,-3.75,-3.75
2021-LCK-HLE,2021,LCK,Hanwha Life eSports,75,-2.5,16.75,-5.625,-5.625
2021-LCK-T1,2021,LCK,T1,25,1.5,9.5,7.375,8.875
2021-LCK-T1,2021,LCK,T1,50,1.0,9.0,5.5,7.0
2021-LCK-T1,2021,LCK,T1,75,0.5,8.5,3.625,5.125
2021-LPL-EDG,2021,LPL,Edward Gaming,25,18.0,23.5,8.25,12.75
2021-LPL-EDG,2021,LPL,Edward Gaming,50,17.5,22.5,8.25,12.75
2021-LPL-EDG,2021,LPL,Edward Gaming,75,17.0,21.5,8.25,12.75
2021-LPL-FPX,2021,LPL,Funplus Phoenix,25,-1.0,1.5,,3.0
2021-LPL-FPX,2021,LPL,Funplus Phoenix,50,-2.0,-1.0,,3.0
2021-LPL-FPX,2021,LPL,Funplus Phoenix,75,-3.0,-3.5,,3.0
2021-LPL-LNG,2021,LPL,LNG Esports,25,4.5,12.0,,0.0
2021-LPL-LNG,2021,LPL,LNG Esports,50,3.0,10.0,,0.0
2021-LPL-LNG,2021,LPL,LNG Esports,75,1.5,8.0,,0.0
2021-LPL-RNG,2021,LPL,Royal Never Give Up,25,11.75,34.375,-1.375,0.125
2021-LPL-RNG,2021,LPL,Royal Never Give Up,50,11.0,32.625,-3.25,-1.75
2021-LPL-RNG,2021,LPL,Royal Never Give Up,75,10.25,30.875,-5.125,-3.625
2022-LCK-DRX,2022,LCK,DRX,25,15.25,27.25,16.6875,16.6875
2022-LCK-DRX,2022,LCK,DRX,50,14.25,26.25,16.6875,16.6875
2022-LCK-DRX,2022,LCK,DRX,75,13.25,25.25,16.6875,16.6875
2022-LCK-DK,2022,LCK,DWG KIA,25,1.0,9.0,-1.375,0.125
2022-LCK-DK,2022,LCK,DWG KIA,50,0.0,8.0,-3.25,-1.75
2022-LCK-DK,2022,LCK,DWG KIA,75,-1.0,7.0,-5.125,-3.625
2022-LCK-GEN,2022,LCK,Gen.G eSports,25,3.5,11.5,6.6875,11.1875
2022-LCK-GEN,2022,LCK,Gen.G eSports,50,3.0,11.0,4.8125,9.3125
2022-LCK-GEN,2022,LCK,Gen.G eSports,75,2.5,10.5,2.9375,7.4375
2022-LCK-T1,2022,LCK,T1,25,21.020833333333332,43.854166666666664,-1.375,1.625
2022-LCK-T1,2022,LCK,T1,50,19.520833333333332,41.354166666666664,-3.25,-0.25
2022-LCK-T1,2022,LCK,T1,75,18.020833333333332,38.854166666666664,-5.125,-2.125
2022-LPL-EDG,2022,LPL,Edward Gaming,25,-2.375,5.625,,1.5
2022-LPL-EDG,2022,LPL,Edward Gaming,50,-5.25,2.75,,1.5
2022-LPL-EDG,2022,LPL,Edward Gaming,75,-8.125,-0.125,,1.5
2022-LPL-JDG,2022,LPL,JD Gaming,25,10.6875,18.6875,,4.5
2022-LPL-JDG,2022,LPL,JD Gaming,50,8.3125,16.3125,,4.5
2022-LPL-JDG,2022,LPL,JD Gaming,75,5.9375,13.9375,,4.5
2022-LPL-RNG,2022,LPL,Royal Never Give Up,25,4.875,47.895833333333336,,0.0
2022-LPL-RNG,2022,LPL,Royal Never Give Up,50,1.25,44.020833333333336,,0.0
2022-LPL-RNG,2022,LPL,Royal Never Give Up,75,-2.375,40.145833333333336,,0.0
2022-LPL-TES,2022,LPL,Top Esports,25,3.0,4.5,,3.0
2022-LPL-TES,2022,LPL,Top Esports,50,2.0,3.0,,3.0
2022-LPL-TES,2022,LPL,Top Esports,75,1.0,1.5,,3.0
2023-LCK-DK,2023,LCK,Dplus KIA,25,-0.5,7.666666666666667,-1.375,-1.375
2023-LCK-DK,2023,LCK,Dplus KIA,50,-1.0,7.166666666666667,-2.75,-2.75
2023-LCK-DK,2023,LCK,Dplus KIA,75,-1.5,6.666666666666667,-4.125,-4.125
2023-LCK-GEN,2023,LCK,Gen.G eSports,25,7.083333333333334,14.916666666666668,1.0833333333333335,5.583333333333334
2023-LCK-GEN,2023,LCK,Gen.G eSports,50,3.9583333333333335,11.791666666666668,-0.16666666666666663,4.333333333333333
2023-LCK-GEN,2023,LCK,Gen.G eSports,75,0.8333333333333335,8.666666666666668,-1.4166666666666665,3.0833333333333335
2023-LCK-KT,2023,LCK,KT Rolster,25,-0.7430555555555556,-0.7430555555555556,6.083333333333333,7.583333333333333
2023-LCK-KT,2023,LCK,KT Rolster,50,-3.9930555555555554,-3.9930555555555554,6.083333333333333,7.583333333333333
2023-LCK-KT,2023,LCK,KT Rolster,75,-7.243055555555555,-7.243055555555555,6.083333333333333,7.583333333333333
2023-LCK-T1,2023,LCK,T1,25,28.0625,37.895833333333336,5.0,8.0
2023-LCK-T1,2023,LCK,T1,50,25.5625,35.395833333333336,4.5,7.5
2023-LCK-T1,2023,LCK,T1,75,23.0625,32.895833333333336,4.0,7.0
2023-LPL-BLG,2023,LPL,Bilibili Gaming,25,30.34722222222222,43.875,-4.166666666666667,-1.166666666666667
2023-LPL-BLG,2023,LPL,Bilibili Gaming,50,29.47222222222222,43.0,-9.041666666666666,-6.041666666666666
2023-LPL-BLG,2023,LPL,Bilibili Gaming,75,28.59722222222222,42.125,-13.916666666666666,-10.916666666666666
2023-LPL-JDG,2023,LPL,JD Gaming,25,12.375,20.208333333333332,17.34722222222222,21.84722222222222
2023-LPL-JDG,2023,LPL,JD Gaming,50,10.5,18.333333333333332,17.34722222222222,21.84722222222222
2023-LPL-JDG,2023,LPL,JD Gaming,75,8.625,16.458333333333332,17.34722222222222,21.84722222222222
2023-LPL-LNG,2023,LPL,LNG Esports,25,2.013888888888889,6.013888888888889,-0.6805555555555556,0.8194444444444444
2023-LPL-LNG,2023,LPL,LNG Esports,50,0.1388888888888889,4.138888888888889,-1.5555555555555556,-0.05555555555555558
2023-LPL-LNG,2023,LPL,LNG Esports,75,-1.7361111111111112,2.263888888888889,-2.4305555555555554,-0.9305555555555554
2023-LPL-WBG,2023,LPL,Weibo Gaming,25,-2.875,15.847222222222221,8.25,8.25
2023-LPL-WBG,2023,LPL,Weibo Gaming,50,-5.75,12.972222222222221,8.25,8.25
2023-LPL-WBG,2023,LPL,Weibo Gaming,75,-8.625,10.097222222222221,8.25,8.25
2024-LCK-DK,2024,LCK,Dplus KIA,25,-2.4305555555555554,1.5694444444444444,,1.5
2024-LCK-DK,2024,LCK,Dplus KIA,50,-5.055555555555555,-1.0555555555555556,,1.5
2024-LCK-DK,2024,LCK,Dplus KIA,75,-7.680555555555555,-3.6805555555555554,,1.5
2024-LCK-GEN,2024,LCK,Gen.G eSports,25,20.75,34.833333333333336,2.326388888888889,5.326388888888889
2024-LCK-GEN,2024,LCK,Gen.G eSports,50,20.75,34.833333333333336,0.45138888888888884,3.451388888888889
2024-LCK-GEN,2024,LCK,Gen.G eSports,75,20.75,34.833333333333336,-1.4236111111111112,1.5763888888888888
2024-LCK-HLE,2024,LCK,Hanwha Life eSports,25,0.4375,6.326388888888889,-0.6805555555555556,3.8194444444444446
2024-LCK-HLE,2024,LCK,Hanwha Life eSports,50,-1.4375,4.451388888888889,-1.5555555555555556,2.9444444444444446
2024-LCK-HLE,2024,LCK,Hanwha Life eSports,75,-3.3125,2.576388888888889,-2.4305555555555554,2.0694444444444446
2024-LCK-T1,2024,LCK,T1,25,31.958333333333332,45.416666666666664,8.4375,8.4375
2024-LCK-T1,2024,LCK,T1,50,28.958333333333332,42.416666666666664,8.4375,8.4375
2024-LCK-T1,2024,LCK,T1,75,25.958333333333332,39.416666666666664,8.4375,8.4375
2024-LPL-BLG,2024,LPL,Bilibili Gaming,25,19.493055555555557,31.07638888888889,8.25,12.75
2024-LPL-BLG,2024,LPL,Bilibili Gaming,50,14.618055555555555,26.20138888888889,7.75,12.25
2024-LPL-BLG,2024,LPL,Bilibili Gaming,75,9.743055555555555,21.32638888888889,7.25,11.75
2024-LPL-LNG,2024,LPL,LNG Esports,25,4.083333333333333,6.083333333333333,0.4375,1.9375
2024-LPL-LNG,2024,LPL,LNG Esports,50,4.083333333333333,6.083333333333333,-1.4375,0.0625
2024-LPL-LNG,2024,LPL,LNG Esports,75,4.083333333333333,6.083333333333333,-3.3125,-1.8125
2024-LPL-TES,2024,LPL,Top Esports,25,1.5416666666666667,15.069444444444445,,3.0
2024-LPL-TES,2024,LPL,Top Esports,50,-3.333333333333333,10.194444444444445,,3.0
2024-LPL-TES,2024,LPL,Top Esports,75,-8.208333333333334,5.319444444444445,,3.0
2024-LPL-WBG,2024,LPL,Weibo Gaming,25,2.888888888888889,8.777777777777779,6.5625,6.5625
2024-LPL-WBG,2024,LPL,Weibo Gaming,50,1.8888888888888888,7.777777777777778,4.6875,4.6875
2024-LPL-WBG,2024,LPL,Weibo Gaming,75,0.8888888888888888,6.777777777777778,2.8125,2.8125
2025-LCK-GEN,2025,LCK,Gen.G eSports,25,14.708333333333334,16.708333333333332,19.875,24.375
2025-LCK-GEN,2025,LCK,Gen.G eSports,50,14.208333333333334,16.208333333333332,18.0,22.5
2025-LCK-GEN,2025,LCK,Gen.G eSports,75,13.708333333333334,15.708333333333334,16.125,20.625
2025-LCK-HLE,2025,LCK,Hanwha Life eSports,25,-0.5,7.583333333333333,-1.5625,1.4375
2025-LCK-HLE,2025,LCK,Hanwha Life eSports,50,-1.0,7.083333333333333,-3.4375,-0.4375
2025-LCK-HLE,2025,LCK,Hanwha Life eSports,75,-1.5,6.583333333333333,-5.3125,-2.3125
2025-LCK-KT,2025,LCK,KT Rolster,25,4.083333333333333,16.833333333333332,7.0625,8.5625
2025-LCK-KT,2025,LCK,KT Rolster,50,4.083333333333333,16.833333333333332,5.1875,6.6875
2025-LCK-KT,2025,LCK,KT Rolster,75,4.083333333333333,16.833333333333332,3.3125,4.8125
2025-LCK-T1,2025,LCK,T1,25,36.770833333333336,51.9375,5.916666666666667,5.916666666666667
2025-LCK-T1,2025,LCK,T1,50,36.770833333333336,51.4375,2.916666666666667,2.916666666666667
2025-LCK-T1,2025,LCK,T1,75,36.770833333333336,50.9375,-0.08333333333333326,-0.08333333333333326
2025-LPL-AL,2025,LPL,Anyone's Legend,25,0.7916666666666667,15.930555555555555,5.833333333333333,8.833333333333332
2025-LPL-AL,2025,LPL,Anyone's Legend,50,-3.583333333333333,11.555555555555555,5.833333333333333,8.833333333333332
2025-LPL-AL,2025,LPL,Anyone's Legend,75,-7.958333333333333,7.180555555555555,5.833333333333333,8.833333333333332
2025-LPL-BLG,2025,LPL,Bilibili Gaming,25,4.083333333333333,26.625,-1.9305555555555556,2.5694444444444446
2025-LPL-BLG,2025,LPL,Bilibili Gaming,50,2.3333333333333335,24.375,-4.055555555555555,0.44444444444444464
2025-LPL-BLG,2025,LPL,Bilibili Gaming,75,0.5833333333333334,22.125,-6.180555555555555,-1.6805555555555554
2025-LPL-iG,2025,LPL,Invictus Gaming,25,-1.5625,-1.5625,,0.0
2025-LPL-iG,2025,LPL,Invictus Gaming,50,-3.4375,-3.4375,,0.0
2025-LPL-iG,2025,LPL,Invictus Gaming,75,-5.3125,-5.3125,,0.0
2025-LPL-TES,2025,LPL,Top Esports,25,6.8125,8.8125,3.888888888888889,5.388888888888889
2025-LPL-TES,2025,LPL,Top Esports,50,3.1875,5.1875,3.888888888888889,5.388888888888889
2025-LPL-TES,2025,LPL,Top Esports,75,-0.4375,1.5625,3.888888888888889,5.388888888888889
2026-LCK-DK,2026,LCK,Dplus KIA,25,,,,0.0
2026-LCK-DK,2026,LCK,Dplus KIA,50,,,,0.0
2026-LCK-DK,2026,LCK,Dplus KIA,75,,,,0.0
2026-LCK-GEN,2026,LCK,Gen.G,25,,,,4.5
2026-LCK-GEN,2026,LCK,Gen.G,50,,,,4.5
2026-LCK-GEN,2026,LCK,Gen.G,75,,,,4.5
2026-LCK-HLE,2026,LCK,Hanwha Life Esports,25,10.291666666666666,21.625,,3.0
2026-LCK-HLE,2026,LCK,Hanwha Life Esports,50,9.041666666666666,20.375,,3.0
2026-LCK-HLE,2026,LCK,Hanwha Life Esports,75,7.791666666666667,19.125,,3.0
2026-LCK-T1,2026,LCK,T1,25,-1.9583333333333333,21.375,,1.5
2026-LCK-T1,2026,LCK,T1,50,-4.458333333333333,18.875,,1.5
2026-LCK-T1,2026,LCK,T1,75,-6.958333333333333,16.375,,1.5
2026-LPL-AL,2026,LPL,Anyone's Legend,25,,,,4.5
2026-LPL-AL,2026,LPL,Anyone's Legend,50,,,,4.5
2026-LPL-AL,2026,LPL,Anyone's Legend,75,,,,4.5
2026-LPL-BLG,2026,LPL,Bilibili Gaming,25,10.208333333333334,16.041666666666668,,3.0
2026-LPL-BLG,2026,LPL,Bilibili Gaming,50,8.958333333333334,14.791666666666668,,3.0
2026-LPL-BLG,2026,LPL,Bilibili Gaming,75,7.708333333333334,13.541666666666668,,3.0
2026-LPL-iG,2026,LPL,Invictus Gaming,25,,,,0.0
2026-LPL-iG,2026,LPL,Invictus Gaming,50,,,,0.0
2026-LPL-iG,2026,LPL,Invictus Gaming,75,,,,0.0
2026-LPL-TES,2026,LPL,Top Esports,25,-0.9166666666666666,-1.9583333333333333,,1.5
2026-LPL-TES,2026,LPL,Top Esports,50,-2.1666666666666665,-4.458333333333333,,1.5
2026-LPL-TES,2026,LPL,Top Esports,75,-3.4166666666666665,-6.958333333333333,,1.5
