id,year,region,team,short,status,cutoff,europe_seed,inner_score,worlds_seed,worlds_seed_base,msi_seed,msi_seed_base,msi_seed_status,msi_seed_source,seed_base,seeded_inner_score,seed_source,total_w,total_l,total_n,total_gw,total_gl,total_rate,total_base,total_deduction,total_net,total_bonus,total_score,total_BO5_w,total_BO5_l,total_BO3_w,total_BO3_l,total_BO1_w,total_BO1_l,all_external_w,all_external_l,all_external_n,all_external_gw,all_external_gl,all_external_rate,all_external_base,all_external_deduction,all_external_net,all_external_bonus,all_external_score,all_external_BO5_w,all_external_BO5_l,all_external_BO3_w,all_external_BO3_l,all_external_BO1_w,all_external_BO1_l,external_w,external_l,external_n,external_gw,external_gl,external_rate,external_base,external_deduction,external_net,external_bonus,external_score,external_BO5_w,external_BO5_l,external_BO3_w,external_BO3_l,external_BO1_w,external_BO1_l,domestic_w,domestic_l,domestic_n,domestic_gw,domestic_gl,domestic_rate,domestic_base,domestic_deduction,domestic_net,domestic_bonus,domestic_score,domestic_BO5_w,domestic_BO5_l,domestic_BO3_w,domestic_BO3_l,domestic_BO1_w,domestic_BO1_l,international_w,international_l,international_n,international_gw,international_gl,international_rate,international_base,international_deduction,international_net,international_bonus,international_score,international_BO5_w,international_BO5_l,international_BO3_w,international_BO3_l,international_BO1_w,international_BO1_l,internal_w,internal_l,internal_n,internal_gw,internal_gl,internal_rate,internal_base,internal_deduction,internal_net,internal_bonus,internal_score,internal_BO5_w,internal_BO5_l,internal_BO3_w,internal_BO3_l,internal_BO1_w,internal_BO1_l
2012-LCK-AZF,2012,LCK,Azubu Frost,AZF,complete,,Moscow Five,,1,4.5,,0,not_held,,4.5,4.5,https://en.wikipedia.org/wiki/Season_2_World_Championship,5,1,6,8,4,0.8333333333333334,13.0,3.75,9.25,1.2847222222222223,10.534722222222221,0,1,2,0,3,0,5,1,6,8,4,0.8333333333333334,13.0,3.75,9.25,1.2847222222222223,10.534722222222221,0,1,2,0,3,0,1,0,1,1,0,1.0,2.0,0.0,2.0,0.0,2.0,0,0,0,0,1,0,0,0,0,0,0,,,,,,,0,0,0,0,0,0,0,0,0,0,0,,,,,,,0,0,0,0,0,0,0,0,0,0,0,,,,,,,0,0,0,0,0,0
2012-LCK-NJS,2012,LCK,NaJin Sword,NJS,complete,,Moscow Five,,2,3.0,,0,not_held,,3.0,3.0,https://en.wikipedia.org/wiki/Season_2_World_Championship,3,1,4,3,2,0.75,6.0,1.75,4.25,0.0,4.25,0,0,0,1,3,0,3,1,4,3,2,0.75,6.0,1.75,4.25,0.0,4.25,0,0,0,1,3,0,0,0,0,0,0,,,,,,,0,0,0,0,0,0,0,0,0,0,0,,,,,,,0,0,0,0,0,0,0,0,0,0,0,,,,,,,0,0,0,0,0,0,0,0,0,0,0,,,,,,,0,0,0,0,0,0
2012-LPL-iG,2012,LPL,Invictus Gaming,iG,complete,,Moscow Five,,2,3.0,,0,not_held,,3.0,3.0,https://en.wikipedia.org/wiki/Season_2_World_Championship,2,2,4,2,3,0.5,4.0,2.75,1.25,0.0,1.25,0,0,0,1,2,1,2,2,4,2,3,0.5,4.0,2.75,1.25,0.0,1.25,0,0,0,1,2,1,0,2,2,0,3,0.0,0,2.75,-2.75,0.0,-2.75,0,0,0,1,0,1,0,0,0,0,0,,,,,,,0,0,0,0,0,0,0,0,0,0,0,,,,,,,0,0,0,0,0,0,0,0,0,0,0,,,,,,,0,0,0,0,0,0
2012-LPL-WE,2012,LPL,Team WE,WE,complete,,Moscow Five,,1,4.5,,0,not_held,,4.5,4.5,https://en.wikipedia.org/wiki/Season_2_World_Championship,0,1,1,1,2,0.0,0,1.75,-1.75,0.19444444444444445,-1.5555555555555556,0,0,0,1,0,0,0,1,1,1,2,0.0,0,1.75,-1.75,0.19444444444444445,-1.5555555555555556,0,0,0,1,0,0,0,0,0,0,0,,,,,,,0,0,0,0,0,0,0,0,0,0,0,,,,,,,0,0,0,0,0,0,0,0,0,0,0,,,,,,,0,0,0,0,0,0,0,0,0,0,0,,,,,,,0,0,0,0,0,0
2013-LCK-NJS,2013,LCK,Najin Black Sword,NJS,complete,,Fnatic,-3.25,1,4.5,,0,not_held,,4.5,1.25,https://en.wikipedia.org/wiki/Season_3_World_Championship,1,1,2,4,4,0.5,3.5,3.75,-0.25,0.8888888888888888,0.6388888888888888,0,1,1,0,0,0,1,0,1,2,1,1.0,3.5,0.0,3.5,0.3888888888888889,3.888888888888889,0,0,1,0,0,0,0,0,0,0,0,,,,,,,0,0,0,0,0,0,0,0,0,0,0,,,,,,,0,0,0,0,0,0,0,1,1,2,3,0.0,0,3.75,-3.75,0.5,-3.25,0,1,0,0,0,0,0,1,1,2,3,0.0,0,3.75,-3.75,0.5,-3.25,0,1,0,0,0,0
2013-LCK-SKT,2013,LCK,SK Telecom T1,SKT,complete,,Fnatic,8.25,3,1.5,,0,not_held,,1.5,9.75,https://en.wikipedia.org/wiki/Season_3_World_Championship,10,1,11,15,3,0.9090909090909091,32.5,1.0,31.5,2.5833333333333335,34.083333333333336,2,0,1,0,7,1,9,1,10,12,1,0.9,25.0,1.0,24.0,1.8333333333333335,25.833333333333332,1,0,1,0,7,1,2,1,3,4,1,0.6666666666666666,9.5,1.0,8.5,1.25,9.75,1,0,0,0,1,1,1,1,2,4,4,0.5,5.0,2.5,2.5,0.8333333333333334,3.3333333333333335,1,1,0,0,0,0,1,0,1,3,2,1.0,7.5,0.0,7.5,0.75,8.25,1,0,0,0,0,0,1,0,1,3,2,1.0,7.5,0.0,7.5,0.75,8.25,1,0,0,0,0,0
2013-LCK-SSO,2013,LCK,Samsung Ozone,SSO,complete,,Fnatic,,2,3.0,,0,not_held,,3.0,3.0,https://en.wikipedia.org/wiki/Season_3_World_Championship,5,4,9,5,4,0.5555555555555556,10.0,4.0,6.0,0.0,6.0,0,0,0,0,5,4,5,4,9,5,4,0.5555555555555556,10.0,4.0,6.0,0.0,6.0,0,0,0,0,5,4,0,2,2,0,2,0.0,0,2.0,-2.0,0.0,-2.0,0,0,0,0,0,2,1,1,2,4,4,0.5,5.0,2.5,2.5,0.8333333333333334,3.3333333333333335,1,1,0,0,0,0,0,0,0,0,0,,,,,,,0,0,0,0,0,0,0,0,0,0,0,,,,,,,0,0,0,0,0,0
2013-LPL-OMG,2013,LPL,OMG,OMG,complete,,Fnatic,-1.75,2,3.0,,0,not_held,,3.0,1.25,https://en.wikipedia.org/wiki/Season_3_World_Championship,7,2,9,7,3,0.7777777777777778,14.0,2.75,11.25,0.0,11.25,0,0,0,1,7,1,7,1,8,7,1,0.875,14.0,1.0,13.0,0.0,13.0,0,0,0,0,7,1,1,1,2,1,1,0.5,2.0,1.0,1.0,0.0,1.0,0,0,0,0,1,1,1,1,2,3,4,0.5,2.5,2.5,0.0,0.48611111111111116,0.48611111111111116,0,1,1,0,0,0,0,1,1,0,2,0.0,0,1.75,-1.75,0.0,-1.75,0,0,0,1,0,0,0,1,1,0,2,0.0,0,1.75,-1.75,0.0,-1.75,0,0,0,1,0,0
2013-LPL-RYL,2013,LPL,Royal Club,RYL,complete,,Fnatic,4.083333333333333,1,4.5,,0,not_held,,4.5,8.583333333333332,https://en.wikipedia.org/wiki/Season_3_World_Championship,2,1,3,5,4,0.6666666666666666,11.0,3.75,7.25,1.5208333333333335,8.770833333333334,1,1,1,0,0,0,1,1,2,3,4,0.5,7.5,3.75,3.75,0.9375,4.6875,1,1,0,0,0,0,1,1,2,3,4,0.5,7.5,3.75,3.75,0.9375,4.6875,1,1,0,0,0,0,1,1,2,4,3,0.5,5.0,1.25,3.75,0.7638888888888888,4.513888888888889,1,0,0,1,0,0,1,0,1,2,0,1.0,3.5,0.0,3.5,0.5833333333333334,4.083333333333333,0,0,1,0,0,0,1,0,1,2,0,1.0,3.5,0.0,3.5,0.5833333333333334,4.083333333333333,0,0,1,0,0,0
2014-LCK-NJWS,2014,LCK,NaJin White Shield,NJWS,complete,,Alliance,,3,1.5,,0,not_held,,1.5,1.5,https://en.wikipedia.org/wiki/2014_League_of_Legends_World_Championship,5,3,8,5,5,0.625,10.0,5.75,4.25,0.0,4.25,0,1,0,0,5,2,5,3,8,5,5,0.625,10.0,5.75,4.25,0.0,4.25,0,1,0,0,5,2,1,2,3,1,4,0.3333333333333333,2.0,4.75,-2.75,0.0,-2.75,0,1,0,0,1,1,0,2,2,2,6,0.0,0,5.0,-5.0,0.4166666666666667,-4.583333333333333,0,2,0,0,0,0,0,0,0,0,0,,,,,,,0,0,0,0,0,0,0,0,0,0,0,,,,,,,0,0,0,0,0,0
2014-LCK-SSB,2014,LCK,Samsung Galaxy Blue,SSB,complete,,Alliance,-3.75,1,4.5,,0,not_held,,4.5,0.75,https://en.wikipedia.org/wiki/2014_League_of_Legends_World_Championship,6,2,8,8,5,0.75,17.5,4.75,12.75,0.9375,13.6875,1,1,0,0,5,1,6,1,7,8,2,0.8571428571428571,17.5,1.0,16.5,0.9375,17.4375,1,0,0,0,5,1,2,0,2,2,0,1.0,4.0,0.0,4.0,0.0,4.0,0,0,0,0,2,0,3,0,3,9,3,1.0,15.0,0.0,15.0,1.875,16.875,3,0,0,0,0,0,0,1,1,0,3,0.0,0,3.75,-3.75,0.0,-3.75,0,1,0,0,0,0,0,1,1,0,3,0.0,0,3.75,-3.75,0.0,-3.75,0,1,0,0,0,0
2014-LCK-SSW,2014,LCK,Samsung Galaxy White,SSW,complete,,Alliance,8.75,2,3.0,,0,not_held,,3.0,11.75,https://en.wikipedia.org/wiki/2014_League_of_Legends_World_Championship,9,0,9,15,2,1.0,34.5,0.0,34.5,3.125,37.625,3,0,0,0,6,0,8,0,8,12,2,1.0,27.0,0.0,27.0,1.875,28.875,2,0,0,0,6,0,3,0,3,5,1,1.0,11.5,0.0,11.5,0.9375,12.4375,1,0,0,0,2,0,1,2,3,5,7,0.3333333333333333,5.0,5.0,0.0,1.0416666666666667,1.0416666666666667,1,2,0,0,0,0,1,0,1,3,0,1.0,7.5,0.0,7.5,1.25,8.75,1,0,0,0,0,0,1,0,1,3,0,1.0,7.5,0.0,7.5,1.25,8.75,1,0,0,0,0,0
2014-LPL-EDG,2014,LPL,Edward Gaming,EDG,complete,,Alliance,-3.25,1,4.5,,0,not_held,,4.5,1.25,https://en.wikipedia.org/wiki/2014_League_of_Legends_World_Championship,4,4,8,6,6,0.5,8.0,6.75,1.25,0.5,1.75,0,1,0,0,4,3,4,3,7,4,3,0.5714285714285714,8.0,3.0,5.0,0.0,5.0,0,0,0,0,4,3,0,2,2,0,2,0.0,0,2.0,-2.0,0.0,-2.0,0,0,0,0,0,2,3,0,3,8,2,1.0,12.5,0.0,12.5,1.7361111111111112,14.23611111111111,2,0,1,0,0,0,0,1,1,2,3,0.0,0,3.75,-3.75,0.5,-3.25,0,1,0,0,0,0,0,1,1,2,3,0.0,0,3.75,-3.75,0.5,-3.25,0,1,0,0,0,0
2014-LPL-OMG,2014,LPL,OMG,OMG,complete,,Alliance,-3.25,3,1.5,,0,not_held,,1.5,-1.75,https://en.wikipedia.org/wiki/2014_League_of_Legends_World_Championship,4,4,8,8,6,0.5,13.5,6.75,6.75,1.75,8.5,1,1,0,0,3,3,4,3,7,6,3,0.5714285714285714,13.5,3.0,10.5,1.25,11.75,1,0,0,0,3,3,1,2,3,3,2,0.3333333333333333,7.5,2.0,5.5,1.25,6.75,1,0,0,0,0,2,2,3,5,7,12,0.4,10.0,6.25,3.75,1.2083333333333333,4.958333333333333,2,2,0,1,0,0,0,1,1,2,3,0.0,0,3.75,-3.75,0.5,-3.25,0,1,0,0,0,0,0,1,1,2,3,0.0,0,3.75,-3.75,0.5,-3.25,0,1,0,0,0,0
2014-LPL-SHRC,2014,LPL,Star Horn Royal Club,SHRC,complete,,Alliance,16.5,2,3.0,,0,not_held,,3.0,19.5,https://en.wikipedia.org/wiki/2014_League_of_Legends_World_Championship,7,2,9,12,8,0.7777777777777778,25.0,4.75,20.25,1.8125,22.0625,2,1,0,0,5,1,5,2,7,6,4,0.7142857142857143,10.0,4.75,5.25,0.3125,5.5625,0,1,0,0,5,1,0,1,1,1,3,0.0,0,3.75,-3.75,0.3125,-3.4375,0,1,0,0,0,0,1,3,4,7,8,0.25,2.5,6.25,-3.75,1.2222222222222223,-2.5277777777777777,0,2,1,1,0,0,2,0,2,6,4,1.0,15.0,0.0,15.0,1.5,16.5,2,0,0,0,0,0,2,0,2,6,4,1.0,15.0,0.0,15.0,1.5,16.5,2,0,0,0,0,0
2015-LCK-KOO,2015,LCK,KOO Tigers,KOO,complete,,Fnatic,5.0,2,3.0,,0,not_qualified,https://en.wikipedia.org/wiki/2015_Mid-Season_Invitational,3.0,8.0,https://en.wikipedia.org/wiki/2015_League_of_Legends_World_Championship,6,3,9,11,6,0.6666666666666666,23.0,5.75,17.25,2.5,19.75,2,1,0,0,4,2,5,2,7,7,2,0.7142857142857143,15.5,2.0,13.5,1.25,14.75,1,0,0,0,4,2,1,0,1,3,0,1.0,7.5,0.0,7.5,1.25,8.75,1,0,0,0,0,0,0,2,2,2,6,0.0,0,5.0,-5.0,0.33333333333333337,-4.666666666666667,0,2,0,0,0,0,1,1,2,4,4,0.5,7.5,3.75,3.75,1.25,5.0,1,1,0,0,0,0,1,1,2,4,4,0.5,7.5,3.75,3.75,1.25,5.0,1,1,0,0,0,0
2015-LCK-KT,2015,LCK,KT Rolster,KT,complete,,Fnatic,-3.4375,3,1.5,,0,not_qualified,https://en.wikipedia.org/wiki/2015_Mid-Season_Invitational,1.5,-1.9375,https://en.wikipedia.org/wiki/2015_League_of_Legends_World_Championship,5,2,7,6,4,0.7142857142857143,10.0,4.75,5.25,0.3125,5.5625,0,1,0,0,5,1,5,1,6,5,1,0.8333333333333334,10.0,1.0,9.0,0.0,9.0,0,0,0,0,5,1,2,0,2,2,0,1.0,4.0,0.0,4.0,0.0,4.0,0,0,0,0,2,0,1,1,2,3,5,0.5,5.0,2.5,2.5,0.5,3.0,1,1,0,0,0,0,0,1,1,1,3,0.0,0,3.75,-3.75,0.3125,-3.4375,0,1,0,0,0,0,0,1,1,1,3,0.0,0,3.75,-3.75,0.3125,-3.4375,0,1,0,0,0,0
2015-LCK-SKT,2015,LCK,SKTelecom T1,SKT,complete,,Fnatic,8.4375,1,4.5,1,3.0,qualified,https://en.wikipedia.org/wiki/2015_Mid-Season_Invitational,7.5,15.9375,https://en.wikipedia.org/wiki/2015_League_of_Legends_World_Championship,15,1,16,25,6,0.9375,44.5,2.5,42.0,4.270833333333333,46.270833333333336,4,1,0,0,11,0,14,1,15,22,5,0.9333333333333333,37.0,2.5,34.5,3.3333333333333335,37.833333333333336,3,1,0,0,11,0,5,1,6,9,5,0.8333333333333334,11.0,2.5,8.5,0.8333333333333334,9.333333333333334,1,1,0,0,4,0,2,0,2,6,0,1.0,10.0,0.0,10.0,1.6666666666666667,11.666666666666666,2,0,0,0,0,0,1,0,1,3,1,1.0,7.5,0.0,7.5,0.9375,8.4375,1,0,0,0,0,0,1,0,1,3,1,1.0,7.5,0.0,7.5,0.9375,8.4375,1,0,0,0,0,0
2015-LPL-EDG,2015,LPL,Edward Gaming,EDG,complete,,Fnatic,,2,3.0,1,3.0,qualified,https://en.wikipedia.org/wiki/2015_Mid-Season_Invitational,6.0,6.0,https://en.wikipedia.org/wiki/2015_League_of_Legends_World_Championship,10,4,14,14,8,0.7142857142857143,22.0,6.25,15.75,1.3333333333333335,17.083333333333332,2,1,0,0,8,3,10,4,14,14,8,0.7142857142857143,22.0,6.25,15.75,1.3333333333333335,17.083333333333332,2,1,0,0,8,3,2,4,6,4,8,0.3333333333333333,6.0,6.25,-0.25,0.5,0.25,1,1,0,0,1,3,3,2,5,10,9,0.6,15.0,5.0,10.0,2.1666666666666665,12.166666666666666,3,2,0,0,0,0,0,0,0,0,0,,,,,,,0,0,0,0,0,0,0,0,0,0,0,,,,,,,0,0,0,0,0,0
2015-LPL-iG,2015,LPL,Invictus Gaming,iG,complete,,Fnatic,,3,1.5,,0,not_qualified,https://en.wikipedia.org/wiki/2015_Mid-Season_Invitational,1.5,1.5,https://en.wikipedia.org/wiki/2015_League_of_Legends_World_Championship,2,4,6,2,4,0.3333333333333333,4.0,4.0,0.0,0.0,0.0,0,0,0,0,2,4,2,4,6,2,4,0.3333333333333333,4.0,4.0,0.0,0.0,0.0,0,0,0,0,2,4,0,2,2,0,2,0.0,0,2.0,-2.0,0.0,-2.0,0,0,0,0,0,2,1,2,3,4,7,0.3333333333333333,5.0,5.0,0.0,0.8333333333333334,0.8333333333333334,1,2,0,0,0,0,0,0,0,0,0,,,,,,,0,0,0,0,0,0,0,0,0,0,0,,,,,,,0,0,0,0,0,0
2015-LPL-LGD,2015,LPL,LGD Gaming,LGD,complete,,Fnatic,,1,4.5,,0,not_qualified,https://en.wikipedia.org/wiki/2015_Mid-Season_Invitational,4.5,4.5,https://en.wikipedia.org/wiki/2015_League_of_Legends_World_Championship,2,4,6,2,4,0.3333333333333333,4.0,4.0,0.0,0.0,0.0,0,0,0,0,2,4,2,4,6,2,4,0.3333333333333333,4.0,4.0,0.0,0.0,0.0,0,0,0,0,2,4,0,2,2,0,2,0.0,0,2.0,-2.0,0.0,-2.0,0,0,0,0,0,2,1,1,2,5,3,0.5,5.0,2.5,2.5,1.1666666666666667,3.666666666666667,1,1,0,0,0,0,0,0,0,0,0,,,,,,,0,0,0,0,0,0,0,0,0,0,0,,,,,,,0,0,0,0,0,0
2016-LCK-ROX,2016,LCK,ROX Tigers,ROX,complete,,G2 Esports,-3.25,1,4.5,,0,not_qualified,https://en.wikipedia.org/wiki/2016_Mid-Season_Invitational,4.5,1.25,https://en.wikipedia.org/wiki/2016_League_of_Legends_World_Championship,6,3,9,10,6,0.6666666666666666,17.5,5.75,11.75,1.4375,13.1875,1,1,0,0,5,2,6,2,8,8,3,0.75,17.5,2.0,15.5,0.9375,16.4375,1,0,0,0,5,2,3,0,3,5,1,1.0,11.5,0.0,11.5,0.9375,12.4375,1,0,0,0,2,0,0,1,1,1,3,0.0,0,2.5,-2.5,0.20833333333333334,-2.2916666666666665,0,1,0,0,0,0,0,1,1,2,3,0.0,0,3.75,-3.75,0.5,-3.25,0,1,0,0,0,0,0,1,1,2,3,0.0,0,3.75,-3.75,0.5,-3.25,0,1,0,0,0,0
2016-LCK-SKT,2016,LCK,SK Telecom T1,SKT,complete,,G2 Esports,16.5,2,3.0,1,3.0,qualified,https://en.wikipedia.org/wiki/2016_Mid-Season_Invitational,6.0,22.5,https://en.wikipedia.org/wiki/2016_League_of_Legends_World_Championship,16,5,21,26,11,0.7619047619047619,48.5,3.0,45.5,3.8958333333333335,49.395833333333336,5,0,0,0,11,5,14,5,19,20,7,0.7368421052631579,33.5,3.0,30.5,2.3958333333333335,32.895833333333336,3,0,0,0,11,5,7,1,8,11,3,0.875,19.5,0.5,19.0,1.5625,20.5625,2,0,0,0,5,1,1,0,1,3,1,1.0,5.0,0.0,5.0,0.625,5.625,1,0,0,0,0,0,2,0,2,6,4,1.0,15.0,0.0,15.0,1.5,16.5,2,0,0,0,0,0,2,0,2,6,4,1.0,15.0,0.0,15.0,1.5,16.5,2,0,0,0,0,0
2016-LCK-SSG,2016,LCK,Samsung Galaxy,SSG,complete,,G2 Esports,-3.25,3,1.5,,0,not_qualified,https://en.wikipedia.org/wiki/2016_Mid-Season_Invitational,1.5,-1.75,https://en.wikipedia.org/wiki/2016_League_of_Legends_World_Championship,7,2,9,13,4,0.7777777777777778,25.0,4.75,20.25,3.0,23.25,2,1,0,0,5,1,7,1,8,11,1,0.875,25.0,1.0,24.0,2.5,26.5,2,0,0,0,5,1,2,0,2,2,0,1.0,4.0,0.0,4.0,0.0,4.0,0,0,0,0,2,0,0,0,0,0,0,,,,,,,0,0,0,0,0,0,0,1,1,2,3,0.0,0,3.75,-3.75,0.5,-3.25,0,1,0,0,0,0,0,1,1,2,3,0.0,0,3.75,-3.75,0.5,-3.25,0,1,0,0,0,0
2016-LPL-EDG,2016,LPL,Edward Gaming,EDG,complete,,G2 Esports,,1,4.5,,0,not_qualified,https://en.wikipedia.org/wiki/2016_Mid-Season_Invitational,4.5,4.5,https://en.wikipedia.org/wiki/2016_League_of_Legends_World_Championship,4,4,8,5,6,0.5,8.0,6.75,1.25,0.3125,1.5625,0,1,0,0,4,3,4,4,8,5,6,0.5,8.0,6.75,1.25,0.3125,1.5625,0,1,0,0,4,3,0,1,1,1,3,0.0,0,3.75,-3.75,0.3125,-3.4375,0,1,0,0,0,0,1,1,2,4,3,0.5,5.0,2.5,2.5,1.0416666666666667,3.541666666666667,1,1,0,0,0,0,0,0,0,0,0,,,,,,,0,0,0,0,0,0,0,0,0,0,0,,,,,,,0,0,0,0,0,0
2016-LPL-IM,2016,LPL,I MAY,IM,complete,,G2 Esports,,3,1.5,,0,not_qualified,https://en.wikipedia.org/wiki/2016_Mid-Season_Invitational,1.5,1.5,https://en.wikipedia.org/wiki/2016_League_of_Legends_World_Championship,2,4,6,2,4,0.3333333333333333,4.0,4.0,0.0,0.0,0.0,0,0,0,0,2,4,2,4,6,2,4,0.3333333333333333,4.0,4.0,0.0,0.0,0.0,0,0,0,0,2,4,0,2,2,0,2,0.0,0,2.0,-2.0,0.0,-2.0,0,0,0,0,0,2,0,1,1,2,3,0.0,0,2.5,-2.5,0.33333333333333337,-2.1666666666666665,0,1,0,0,0,0,0,0,0,0,0,,,,,,,0,0,0,0,0,0,0,0,0,0,0,,,,,,,0,0,0,0,0,0
2016-LPL-RNG,2016,LPL,Royal Never Give Up,RNG,complete,,G2 Esports,,2,3.0,1,3.0,qualified,https://en.wikipedia.org/wiki/2016_Mid-Season_Invitational,6.0,6.0,https://en.wikipedia.org/wiki/2016_League_of_Legends_World_Championship,11,7,18,13,11,0.6111111111111112,14.0,10.25,3.75,0.5208333333333334,4.270833333333333,0,2,0,0,11,5,11,7,18,13,11,0.6111111111111112,14.0,10.25,3.75,0.5208333333333334,4.270833333333333,0,2,0,0,11,5,3,5,8,5,9,0.375,3.0,8.75,-5.75,0.5208333333333334,-5.229166666666667,0,2,0,0,3,3,2,1,3,6,6,0.6666666666666666,10.0,2.5,7.5,1.125,8.625,2,1,0,0,0,0,0,0,0,0,0,,,,,,,0,0,0,0,0,0,0,0,0,0,0,,,,,,,0,0,0,0,0,0
2017-LCK-LZ,2017,LCK,Longzhu Gaming,LZ,complete,,G2 Esports,-3.75,1,4.5,,0,not_qualified,https://en.wikipedia.org/wiki/2017_Mid-Season_Invitational,4.5,0.75,https://en.wikipedia.org/wiki/2017_League_of_Legends_World_Championship,6,1,7,6,3,0.8571428571428571,12.0,3.75,8.25,0.0,8.25,0,1,0,0,6,0,6,0,6,6,0,1.0,12.0,0.0,12.0,0.0,12.0,0,0,0,0,6,0,0,0,0,0,0,,,,,,,0,0,0,0,0,0,1,0,1,3,1,1.0,5.0,0.0,5.0,0.625,5.625,1,0,0,0,0,0,0,1,1,0,3,0.0,0,3.75,-3.75,0.0,-3.75,0,1,0,0,0,0,0,1,1,0,3,0.0,0,3.75,-3.75,0.0,-3.75,0,1,0,0,0,0
2017-LCK-SKT,2017,LCK,SK Telecom T1,SKT,complete,,G2 Esports,-3.75,2,3.0,1,3.0,qualified,https://en.wikipedia.org/wiki/2017_Mid-Season_Invitational,6.0,2.25,https://en.wikipedia.org/wiki/2017_League_of_Legends_World_Championship,17,4,21,25,11,0.8095238095238095,43.0,5.75,37.25,2.9583333333333335,40.208333333333336,4,1,0,0,13,3,17,3,20,25,8,0.85,43.0,2.0,41.0,2.9583333333333335,43.958333333333336,4,0,0,0,13,3,7,1,8,11,4,0.875,19.5,0.5,19.0,1.375,20.375,2,0,0,0,5,1,1,1,2,4,3,0.5,5.0,2.5,2.5,1.0416666666666667,3.541666666666667,1,1,0,0,0,0,0,1,1,0,3,0.0,0,3.75,-3.75,0.0,-3.75,0,1,0,0,0,0,0,1,1,0,3,0.0,0,3.75,-3.75,0.0,-3.75,0,1,0,0,0,0
2017-LCK-SSG,2017,LCK,Samsung Galaxy,SSG,complete,,G2 Esports,17.5,3,1.5,,0,not_qualified,https://en.wikipedia.org/wiki/2017_Mid-Season_Invitational,1.5,19.0,https://en.wikipedia.org/wiki/2017_League_of_Legends_World_Championship,7,2,9,13,3,0.7777777777777778,30.5,2.0,28.5,3.4375,31.9375,3,0,0,0,4,2,5,2,7,7,3,0.7142857142857143,15.5,2.0,13.5,0.9375,14.4375,1,0,0,0,4,2,3,2,5,5,3,0.6,11.5,2.0,9.5,0.9375,10.4375,1,0,0,0,2,2,0,1,1,0,3,0.0,0,2.5,-2.5,0.0,-2.5,0,1,0,0,0,0,2,0,2,6,0,1.0,15.0,0.0,15.0,2.5,17.5,2,0,0,0,0,0,2,0,2,6,0,1.0,15.0,0.0,15.0,2.5,17.5,2,0,0,0,0,0
2017-LPL-EDG,2017,LPL,Edward Gaming,EDG,complete,,G2 Esports,,1,4.5,,0,not_qualified,https://en.wikipedia.org/wiki/2017_Mid-Season_Invitational,4.5,4.5,https://en.wikipedia.org/wiki/2017_League_of_Legends_World_Championship,2,4,6,2,4,0.3333333333333333,4.0,4.0,0.0,0.0,0.0,0,0,0,0,2,4,2,4,6,2,4,0.3333333333333333,4.0,4.0,0.0,0.0,0.0,0,0,0,0,2,4,0,2,2,0,2,0.0,0,2.0,-2.0,0.0,-2.0,0,0,0,0,0,2,1,1,2,4,5,0.5,5.0,2.5,2.5,0.7083333333333334,3.2083333333333335,1,1,0,0,0,0,0,0,0,0,0,,,,,,,0,0,0,0,0,0,0,0,0,0,0,,,,,,,0,0,0,0,0,0
2017-LPL-RNG,2017,LPL,Royal Never Give Up,RNG,complete,,G2 Esports,,2,3.0,,0,not_qualified,https://en.wikipedia.org/wiki/2017_Mid-Season_Invitational,3.0,3.0,https://en.wikipedia.org/wiki/2017_League_of_Legends_World_Championship,6,2,8,10,5,0.75,17.5,4.75,12.75,1.4375,14.1875,1,1,0,0,5,1,6,2,8,10,5,0.75,17.5,4.75,12.75,1.4375,14.1875,1,1,0,0,5,1,3,2,5,5,4,0.6,6.0,4.75,1.25,0.5,1.75,0,1,0,0,3,1,2,2,4,8,9,0.5,10.0,5.0,5.0,1.4583333333333335,6.458333333333334,2,2,0,0,0,0,0,0,0,0,0,,,,,,,0,0,0,0,0,0,0,0,0,0,0,,,,,,,0,0,0,0,0,0
2017-LPL-WE,2017,LPL,Team WE,WE,complete,,G2 Esports,,3,1.5,1,3.0,qualified,https://en.wikipedia.org/wiki/2017_Mid-Season_Invitational,4.5,4.5,https://en.wikipedia.org/wiki/2017_League_of_Legends_World_Championship,18,6,24,24,12,0.75,40.0,8.75,31.25,2.5208333333333335,33.770833333333336,2,2,0,0,16,4,18,6,24,24,12,0.75,40.0,8.75,31.25,2.5208333333333335,33.770833333333336,2,2,0,0,16,4,3,3,6,5,7,0.5,3.0,6.75,-3.75,0.5208333333333334,-3.2291666666666665,0,2,0,0,3,1,1,1,2,5,3,0.5,5.0,2.5,2.5,1.1666666666666667,3.666666666666667,1,1,0,0,0,0,0,0,0,0,0,,,,,,,0,0,0,0,0,0,0,0,0,0,0,,,,,,,0,0,0,0,0,0
2018-LCK-AF,2018,LCK,Afreeca Freecs,AF,complete,,Fnatic,,2,3.0,,0,not_qualified,https://en.wikipedia.org/wiki/2018_Mid-Season_Invitational,3.0,3.0,https://en.wikipedia.org/wiki/2018_League_of_Legends_World_Championship,4,3,7,4,5,0.5714285714285714,8.0,5.75,2.25,0.0,2.25,0,1,0,0,4,2,4,3,7,4,5,0.5714285714285714,8.0,5.75,2.25,0.0,2.25,0,1,0,0,4,2,0,0,0,0,0,,,,,,,0,0,0,0,0,0,2,0,2,5,1,1.0,7.5,0.0,7.5,1.0416666666666667,8.541666666666666,1,0,1,0,0,0,0,0,0,0,0,,,,,,,0,0,0,0,0,0,0,0,0,0,0,,,,,,,0,0,0,0,0,0
2018-LCK-GEN,2018,LCK,Gen.G eSports,GEN,complete,,Fnatic,,3,1.5,,0,not_qualified,https://en.wikipedia.org/wiki/2018_Mid-Season_Invitational,1.5,1.5,https://en.wikipedia.org/wiki/2018_League_of_Legends_World_Championship,1,5,6,1,5,0.16666666666666666,2.0,5.0,-3.0,0.0,-3.0,0,0,0,0,1,5,1,5,6,1,5,0.16666666666666666,2.0,5.0,-3.0,0.0,-3.0,0,0,0,0,1,5,0,2,2,0,2,0.0,0,2.0,-2.0,0.0,-2.0,0,0,0,0,0,2,0,1,1,0,2,0.0,0,1.25,-1.25,0.0,-1.25,0,0,0,1,0,0,0,0,0,0,0,,,,,,,0,0,0,0,0,0,0,0,0,0,0,,,,,,,0,0,0,0,0,0
2018-LCK-KT,2018,LCK,KT Rolster,KT,complete,,Fnatic,,1,4.5,,0,not_qualified,https://en.wikipedia.org/wiki/2018_Mid-Season_Invitational,4.5,4.5,https://en.wikipedia.org/wiki/2018_League_of_Legends_World_Championship,5,2,7,7,4,0.7142857142857143,10.0,4.75,5.25,0.5,5.75,0,1,0,0,5,1,5,2,7,7,4,0.7142857142857143,10.0,4.75,5.25,0.5,5.75,0,1,0,0,5,1,1,2,3,3,4,0.3333333333333333,2.0,4.75,-2.75,0.5,-2.25,0,1,0,0,1,1,0,1,1,1,3,0.0,0,2.5,-2.5,0.20833333333333334,-2.2916666666666665,0,1,0,0,0,0,0,0,0,0,0,,,,,,,0,0,0,0,0,0,0,0,0,0,0,,,,,,,0,0,0,0,0,0
2018-LPL-EDG,2018,LPL,Edward Gaming,EDG,complete,,Fnatic,,3,1.5,,0,not_qualified,https://en.wikipedia.org/wiki/2018_Mid-Season_Invitational,1.5,1.5,https://en.wikipedia.org/wiki/2018_League_of_Legends_World_Championship,8,4,12,11,6,0.6666666666666666,21.5,6.75,14.75,1.5625,16.3125,1,1,0,0,7,3,8,4,12,11,6,0.6666666666666666,21.5,6.75,14.75,1.5625,16.3125,1,1,0,0,7,3,1,2,3,2,4,0.3333333333333333,2.0,4.75,-2.75,0.3125,-2.4375,0,1,0,0,1,1,0,1,1,1,3,0.0,0,2.5,-2.5,0.20833333333333334,-2.2916666666666665,0,1,0,0,0,0,0,0,0,0,0,,,,,,,0,0,0,0,0,0,0,0,0,0,0,,,,,,,0,0,0,0,0,0
2018-LPL-iG,2018,LPL,Invictus Gaming,iG,complete,,Fnatic,,2,3.0,,0,not_qualified,https://en.wikipedia.org/wiki/2018_Mid-Season_Invitational,3.0,3.0,https://en.wikipedia.org/wiki/2018_League_of_Legends_World_Championship,8,2,10,14,4,0.8,32.5,2.0,30.5,3.25,33.75,3,0,0,0,5,2,8,2,10,14,4,0.8,32.5,2.0,30.5,3.25,33.75,3,0,0,0,5,2,3,2,5,7,4,0.6,17.0,2.0,15.0,2.0,17.0,2,0,0,0,1,2,0,2,2,4,6,0.0,0,5.0,-5.0,0.6666666666666667,-4.333333333333333,0,2,0,0,0,0,0,0,0,0,0,,,,,,,0,0,0,0,0,0,0,0,0,0,0,,,,,,,0,0,0,0,0,0
2018-LPL-RNG,2018,LPL,Royal Never Give Up,RNG,complete,,Fnatic,,1,4.5,1,3.0,qualified,https://en.wikipedia.org/wiki/2018_Mid-Season_Invitational,7.5,7.5,https://en.wikipedia.org/wiki/2018_League_of_Legends_World_Championship,15,6,21,21,9,0.7142857142857143,28.0,7.25,20.75,1.9583333333333335,22.708333333333332,2,1,0,0,13,5,15,6,21,21,9,0.7142857142857143,28.0,7.25,20.75,1.9583333333333335,22.708333333333332,2,1,0,0,13,5,7,1,8,11,2,0.875,17.0,0.5,16.5,1.4583333333333335,17.958333333333332,2,0,0,0,5,1,3,0,3,9,5,1.0,15.0,0.0,15.0,1.625,16.625,3,0,0,0,0,0,0,0,0,0,0,,,,,,,0,0,0,0,0,0,0,0,0,0,0,,,,,,,0,0,0,0,0,0
2019-LCK-DWG,2019,LCK,DAMWON Gaming,DWG,complete,,G2 Esports,,3,1.5,,0,not_qualified,https://nexus.leagueoflegends.com/en-us/2019/04/2019-mid-season-invitational-event-overview/,1.5,1.5,https://en.wikipedia.org/wiki/2019_League_of_Legends_World_Championship,10,2,12,13,5,0.8333333333333334,25.5,4.75,20.75,1.25,22.0,1,1,0,0,9,1,10,2,12,13,5,0.8333333333333334,25.5,4.75,20.75,1.25,22.0,1,1,0,0,9,1,2,1,3,3,3,0.6666666666666666,4.0,3.75,0.25,0.3125,0.5625,0,1,0,0,2,0,0,1,1,0,3,0.0,0,2.5,-2.5,0.0,-2.5,0,1,0,0,0,0,0,0,0,0,0,,,,,,,0,0,0,0,0,0,0,0,0,0,0,,,,,,,0,0,0,0,0,0
2019-LCK-GRF,2019,LCK,Griffin,GRF,complete,,G2 Esports,,2,3.0,,0,not_qualified,https://nexus.leagueoflegends.com/en-us/2019/04/2019-mid-season-invitational-event-overview/,3.0,3.0,https://en.wikipedia.org/wiki/2019_League_of_Legends_World_Championship,6,2,8,7,4,0.75,12.0,4.75,7.25,0.3125,7.5625,0,1,0,0,6,1,6,2,8,7,4,0.75,12.0,4.75,7.25,0.3125,7.5625,0,1,0,0,6,1,2,2,4,3,4,0.5,4.0,4.75,-0.75,0.3125,-0.4375,0,1,0,0,2,1,0,2,2,1,6,0.0,0,5.0,-5.0,0.20833333333333334,-4.791666666666667,0,2,0,0,0,0,0,0,0,0,0,,,,,,,0,0,0,0,0,0,0,0,0,0,0,,,,,,,0,0,0,0,0,0
2019-LCK-SKT,2019,LCK,SK Telecom T1,SKT,complete,,G2 Esports,,1,4.5,1,3.0,qualified,https://nexus.leagueoflegends.com/en-us/2019/04/2019-mid-season-invitational-event-overview/,7.5,7.5,https://en.wikipedia.org/wiki/2019_League_of_Legends_World_Championship,13,6,19,18,11,0.6842105263157895,24.5,8.75,15.75,1.5833333333333335,17.333333333333332,1,2,0,0,12,4,13,6,19,18,11,0.6842105263157895,24.5,8.75,15.75,1.5833333333333335,17.333333333333332,1,2,0,0,12,4,3,5,8,6,9,0.375,5.0,7.75,-2.75,0.6458333333333334,-2.1041666666666665,0,2,0,0,3,3,3,0,3,9,1,1.0,15.0,0.0,15.0,2.291666666666667,17.291666666666668,3,0,0,0,0,0,0,0,0,0,0,,,,,,,0,0,0,0,0,0,0,0,0,0,0,,,,,,,0,0,0,0,0,0
2019-LPL-FPX,2019,LPL,Funplus Phoenix,FPX,complete,,G2 Esports,8.4375,1,4.5,,0,not_qualified,https://nexus.leagueoflegends.com/en-us/2019/04/2019-mid-season-invitational-event-overview/,4.5,12.9375,https://en.wikipedia.org/wiki/2019_League_of_Legends_World_Championship,8,2,10,14,4,0.8,32.5,2.0,30.5,3.125,33.625,3,0,0,0,5,2,7,2,9,11,3,0.7777777777777778,25.0,2.0,23.0,2.1875,25.1875,2,0,0,0,5,2,1,0,1,3,0,1.0,7.5,0.0,7.5,1.25,8.75,1,0,0,0,0,0,1,0,1,3,1,1.0,5.0,0.0,5.0,0.625,5.625,1,0,0,0,0,0,1,0,1,3,1,1.0,7.5,0.0,7.5,0.9375,8.4375,1,0,0,0,0,0,1,0,1,3,1,1.0,7.5,0.0,7.5,0.9375,8.4375,1,0,0,0,0,0
2019-LPL-iG,2019,LPL,Invictus Gaming,iG,complete,,G2 Esports,-3.4375,3,1.5,1,3.0,qualified,https://nexus.leagueoflegends.com/en-us/2019/04/2019-mid-season-invitational-event-overview/,4.5,1.0625,https://en.wikipedia.org/wiki/2019_League_of_Legends_World_Championship,14,5,19,18,10,0.7368421052631579,24.5,8.75,15.75,1.4583333333333333,17.208333333333332,1,2,0,0,13,3,14,4,18,17,7,0.7777777777777778,24.5,5.0,19.5,1.1458333333333333,20.645833333333332,1,1,0,0,13,3,4,3,7,6,4,0.5714285714285714,10.5,2.5,8.0,0.9375,8.9375,1,0,0,0,3,3,0,0,0,0,0,,,,,,,0,0,0,0,0,0,0,1,1,1,3,0.0,0,3.75,-3.75,0.3125,-3.4375,0,1,0,0,0,0,0,1,1,1,3,0.0,0,3.75,-3.75,0.3125,-3.4375,0,1,0,0,0,0
2019-LPL-RNG,2019,LPL,Royal Never Give Up,RNG,complete,,G2 Esports,,2,3.0,,0,not_qualified,https://nexus.leagueoflegends.com/en-us/2019/04/2019-mid-season-invitational-event-overview/,3.0,3.0,https://en.wikipedia.org/wiki/2019_League_of_Legends_World_Championship,3,3,6,3,3,0.5,6.0,3.0,3.0,0.0,3.0,0,0,0,0,3,3,3,3,6,3,3,0.5,6.0,3.0,3.0,0.0,3.0,0,0,0,0,3,3,0,2,2,0,2,0.0,0,2.0,-2.0,0.0,-2.0,0,0,0,0,0,2,0,1,1,1,3,0.0,0,2.5,-2.5,0.20833333333333334,-2.2916666666666665,0,1,0,0,0,0,0,0,0,0,0,,,,,,,0,0,0,0,0,0,0,0,0,0,0,,,,,,,0,0,0,0,0,0
2020-LCK-DWG,2020,LCK,DAMWON Gaming,DWG,complete,,G2 Esports,8.75,1,4.5,,0,not_held,,4.5,13.25,https://en.wikipedia.org/wiki/2020_League_of_Legends_World_Championship,8,1,9,14,3,0.8888888888888888,32.5,1.0,31.5,3.125,34.625,3,0,0,0,5,1,7,1,8,11,3,0.875,25.0,1.0,24.0,1.875,25.875,2,0,0,0,5,1,3,1,4,7,3,0.75,17.0,1.0,16.0,1.875,17.875,2,0,0,0,1,1,1,1,2,5,3,0.5,5.0,2.5,2.5,1.1666666666666667,3.666666666666667,1,1,0,0,0,0,1,0,1,3,0,1.0,7.5,0.0,7.5,1.25,8.75,1,0,0,0,0,0,1,0,1,3,0,1.0,7.5,0.0,7.5,1.25,8.75,1,0,0,0,0,0
2020-LCK-DRX,2020,LCK,DragonX,DRX,complete,,G2 Esports,-3.75,2,3.0,,0,not_held,,3.0,-0.75,https://en.wikipedia.org/wiki/2020_League_of_Legends_World_Championship,4,3,7,4,5,0.5714285714285714,8.0,5.75,2.25,0.0,2.25,0,1,0,0,4,2,4,2,6,4,2,0.6666666666666666,8.0,2.0,6.0,0.0,6.0,0,0,0,0,4,2,0,2,2,0,2,0.0,0,2.0,-2.0,0.0,-2.0,0,0,0,0,0,2,2,1,3,6,7,0.6666666666666666,10.0,2.5,7.5,1.0,8.5,2,1,0,0,0,0,0,1,1,0,3,0.0,0,3.75,-3.75,0.0,-3.75,0,1,0,0,0,0,0,1,1,0,3,0.0,0,3.75,-3.75,0.0,-3.75,0,1,0,0,0,0
2020-LCK-GEN,2020,LCK,Gen.G eSports,GEN,complete,,G2 Esports,,3,1.5,,0,not_held,,1.5,1.5,https://en.wikipedia.org/wiki/2020_League_of_Legends_World_Championship,5,2,7,5,4,0.7142857142857143,10.0,4.75,5.25,0.0,5.25,0,1,0,0,5,1,5,2,7,5,4,0.7142857142857143,10.0,4.75,5.25,0.0,5.25,0,1,0,0,5,1,2,1,3,2,3,0.6666666666666666,4.0,3.75,0.25,0.0,0.25,0,1,0,0,2,0,0,1,1,2,3,0.0,0,2.5,-2.5,0.33333333333333337,-2.1666666666666665,0,1,0,0,0,0,0,0,0,0,0,,,,,,,0,0,0,0,0,0,0,0,0,0,0,,,,,,,0,0,0,0,0,0
2020-LPL-JDG,2020,LPL,JD Gaming,JDG,complete,,G2 Esports,-3.4375,2,3.0,,0,not_held,,3.0,-0.4375,https://en.wikipedia.org/wiki/2020_League_of_Legends_World_Championship,4,3,7,5,5,0.5714285714285714,8.0,5.75,2.25,0.3125,2.5625,0,1,0,0,4,2,4,2,6,4,2,0.6666666666666666,8.0,2.0,6.0,0.0,6.0,0,0,0,0,4,2,1,1,2,1,1,0.5,2.0,1.0,1.0,0.0,1.0,0,0,0,0,1,1,2,1,3,8,6,0.6666666666666666,10.0,2.5,7.5,1.4583333333333335,8.958333333333334,2,1,0,0,0,0,0,1,1,1,3,0.0,0,3.75,-3.75,0.3125,-3.4375,0,1,0,0,0,0,0,1,1,1,3,0.0,0,3.75,-3.75,0.3125,-3.4375,0,1,0,0,0,0
2020-LPL-LGD,2020,LPL,LGD Gaming,LGD,complete,,G2 Esports,,4,0.0,,0,not_held,,0.0,0.0,https://en.wikipedia.org/wiki/2020_League_of_Legends_World_Championship,7,6,13,11,6,0.5384615384615384,25.0,6.0,19.0,2.5,21.5,2,0,0,0,5,6,7,6,13,11,6,0.5384615384615384,25.0,6.0,19.0,2.5,21.5,2,0,0,0,5,6,0,2,2,0,2,0.0,0,2.0,-2.0,0.0,-2.0,0,0,0,0,0,2,0,3,3,1,9,0.0,0,7.5,-7.5,0.20833333333333334,-7.291666666666667,0,3,0,0,0,0,0,0,0,0,0,,,,,,,0,0,0,0,0,0,0,0,0,0,0,,,,,,,0,0,0,0,0,0
2020-LPL-SN,2020,LPL,Suning,SN,complete,,G2 Esports,16.875,3,1.5,,0,not_held,,1.5,18.375,https://en.wikipedia.org/wiki/2020_League_of_Legends_World_Championship,7,3,10,12,7,0.7,25.0,5.75,19.25,2.1875,21.4375,2,1,0,0,5,2,5,3,8,6,5,0.625,10.0,5.75,4.25,0.3125,4.5625,0,1,0,0,5,2,2,2,4,3,4,0.5,4.0,4.75,-0.75,0.3125,-0.4375,0,1,0,0,2,1,2,1,3,6,3,0.6666666666666666,10.0,2.5,7.5,1.6666666666666667,9.166666666666666,2,1,0,0,0,0,2,0,2,6,2,1.0,15.0,0.0,15.0,1.875,16.875,2,0,0,0,0,0,2,0,2,6,2,1.0,15.0,0.0,15.0,1.875,16.875,2,0,0,0,0,0
2020-LPL-TES,2020,LPL,Top Esports,TES,complete,,G2 Esports,-3.4375,1,4.5,,0,not_held,,4.5,1.0625,https://en.wikipedia.org/wiki/2020_League_of_Legends_World_Championship,6,2,8,9,6,0.75,17.5,4.75,12.75,1.0625,13.8125,1,1,0,0,5,1,6,1,7,8,3,0.8571428571428571,17.5,1.0,16.5,0.75,17.25,1,0,0,0,5,1,2,0,2,2,0,1.0,4.0,0.0,4.0,0.0,4.0,0,0,0,0,2,0,2,1,3,8,5,0.6666666666666666,10.0,2.5,7.5,1.6666666666666667,9.166666666666666,2,1,0,0,0,0,0,1,1,1,3,0.0,0,3.75,-3.75,0.3125,-3.4375,0,1,0,0,0,0,0,1,1,1,3,0.0,0,3.75,-3.75,0.3125,-3.4375,0,1,0,0,0,0
2021-LCK-DK,2021,LCK,DWG KIA,DK,complete,,MAD Lions,8.25,1,4.5,1,3.0,qualified,https://lolesports.com/en-US/news/msi-2021-qualified-teams-broadcast-schedule-watch-rewards,7.5,15.75,https://en.wikipedia.org/wiki/2021_League_of_Legends_World_Championship,22,5,27,32,13,0.8148148148148148,45.0,7.75,37.25,3.3333333333333335,40.583333333333336,3,2,0,0,19,3,21,5,26,29,11,0.8076923076923077,37.5,7.75,29.75,2.5833333333333335,32.333333333333336,2,2,0,0,19,3,6,4,10,14,10,0.6,18.5,7.25,11.25,2.5833333333333335,13.833333333333334,2,2,0,0,4,2,3,0,3,9,1,1.0,15.0,0.0,15.0,2.291666666666667,17.291666666666668,3,0,0,0,0,0,1,0,1,3,2,1.0,7.5,0.0,7.5,0.75,8.25,1,0,0,0,0,0,1,0,1,3,2,1.0,7.5,0.0,7.5,0.75,8.25,1,0,0,0,0,0
2021-LCK-GEN,2021,LCK,Gen.G eSports,GEN,complete,,MAD Lions,,2,3.0,,0,not_qualified,https://lolesports.com/en-US/news/msi-2021-qualified-teams-broadcast-schedule-watch-rewards,3.0,3.0,https://en.wikipedia.org/wiki/2021_League_of_Legends_World_Championship,6,4,10,10,6,0.6,17.5,6.75,10.75,1.75,12.5,1,1,0,0,5,3,6,4,10,10,6,0.6,17.5,6.75,10.75,1.75,12.5,1,1,0,0,5,3,3,3,6,5,5,0.5,6.0,5.75,0.25,0.5,0.75,0,1,0,0,3,2,1,2,3,4,6,0.3333333333333333,5.0,5.0,0.0,1.0416666666666667,1.0416666666666667,1,2,0,0,0,0,0,0,0,0,0,,,,,,,0,0,0,0,0,0,0,0,0,0,0,,,,,,,0,0,0,0,0,0
2021-LCK-HLE,2021,LCK,Hanwha Life eSports,HLE,complete,,MAD Lions,-3.75,4,0.0,,0,not_qualified,https://lolesports.com/en-US/news/msi-2021-qualified-teams-broadcast-schedule-watch-rewards,0.0,-3.75,https://en.wikipedia.org/wiki/2021_League_of_Legends_World_Championship,8,5,13,10,7,0.6153846153846154,21.5,7.75,13.75,1.25,15.0,1,1,0,0,7,4,8,4,12,10,4,0.6666666666666666,21.5,4.0,17.5,1.25,18.75,1,0,0,0,7,4,1,3,4,1,3,0.25,2.0,3.0,-1.0,0.0,-1.0,0,0,0,0,1,3,0,2,2,2,6,0.0,0,5.0,-5.0,0.33333333333333337,-4.666666666666667,0,2,0,0,0,0,0,1,1,0,3,0.0,0,3.75,-3.75,0.0,-3.75,0,1,0,0,0,0,0,1,1,0,3,0.0,0,3.75,-3.75,0.0,-3.75,0,1,0,0,0,0
2021-LCK-T1,2021,LCK,T1,T1,complete,,MAD Lions,5.5,3,1.5,,0,not_qualified,https://lolesports.com/en-US/news/msi-2021-qualified-teams-broadcast-schedule-watch-rewards,1.5,7.0,https://en.wikipedia.org/wiki/2021_League_of_Legends_World_Championship,6,2,8,10,4,0.75,17.5,4.75,12.75,1.75,14.5,1,1,0,0,5,1,5,1,6,5,1,0.8333333333333334,10.0,1.0,9.0,0.0,9.0,0,0,0,0,5,1,1,1,2,1,1,0.5,2.0,1.0,1.0,0.0,1.0,0,0,0,0,1,1,2,2,4,7,9,0.5,10.0,5.0,5.0,1.3333333333333333,6.333333333333333,2,2,0,0,0,0,1,1,2,5,3,0.5,7.5,3.75,3.75,1.75,5.5,1,1,0,0,0,0,1,1,2,5,3,0.5,7.5,3.75,3.75,1.75,5.5,1,1,0,0,0,0
2021-LPL-EDG,2021,LPL,Edward Gaming,EDG,complete,,MAD Lions,8.25,1,4.5,,0,not_qualified,https://lolesports.com/en-US/news/msi-2021-qualified-teams-broadcast-schedule-watch-rewards,4.5,12.75,https://en.wikipedia.org/wiki/2021_League_of_Legends_World_Championship,7,2,9,13,8,0.7777777777777778,30.5,2.0,28.5,2.25,30.75,3,0,0,0,4,2,6,2,8,10,6,0.75,23.0,2.0,21.0,1.5,22.5,2,0,0,0,4,2,3,1,4,7,5,0.75,17.0,1.0,16.0,1.5,17.5,2,0,0,0,1,1,2,2,4,10,8,0.5,10.0,5.0,5.0,1.9166666666666667,6.916666666666667,2,2,0,0,0,0,1,0,1,3,2,1.0,7.5,0.0,7.5,0.75,8.25,1,0,0,0,0,0,1,0,1,3,2,1.0,7.5,0.0,7.5,0.75,8.25,1,0,0,0,0,0
2021-LPL-FPX,2021,LPL,Funplus Phoenix,FPX,complete,,MAD Lions,,2,3.0,,0,not_qualified,https://lolesports.com/en-US/news/msi-2021-qualified-teams-broadcast-schedule-watch-rewards,3.0,3.0,https://en.wikipedia.org/wiki/2021_League_of_Legends_World_Championship,2,5,7,2,5,0.2857142857142857,4.0,5.0,-1.0,0.0,-1.0,0,0,0,0,2,5,2,5,7,2,5,0.2857142857142857,4.0,5.0,-1.0,0.0,-1.0,0,0,0,0,2,5,0,2,2,0,2,0.0,0,2.0,-2.0,0.0,-2.0,0,0,0,0,0,2,3,2,5,11,8,0.6,15.0,5.0,10.0,2.5833333333333335,12.583333333333334,3,2,0,0,0,0,0,0,0,0,0,,,,,,,0,0,0,0,0,0,0,0,0,0,0,,,,,,,0,0,0,0,0,0
2021-LPL-LNG,2021,LPL,LNG Esports,LNG,complete,,MAD Lions,,4,0.0,,0,not_qualified,https://lolesports.com/en-US/news/msi-2021-qualified-teams-broadcast-schedule-watch-rewards,0.0,0.0,https://en.wikipedia.org/wiki/2021_League_of_Legends_World_Championship,7,4,11,7,4,0.6363636363636364,14.0,4.0,10.0,0.0,10.0,0,0,0,0,7,4,7,4,11,7,4,0.6363636363636364,14.0,4.0,10.0,0.0,10.0,0,0,0,0,7,4,3,3,6,3,3,0.5,6.0,3.0,3.0,0.0,3.0,0,0,0,0,3,3,1,2,3,4,7,0.3333333333333333,5.0,5.0,0.0,0.8333333333333334,0.8333333333333334,1,2,0,0,0,0,0,0,0,0,0,,,,,,,0,0,0,0,0,0,0,0,0,0,0,,,,,,,0,0,0,0,0,0
2021-LPL-RNG,2021,LPL,Royal Never Give Up,RNG,complete,,MAD Lions,-3.25,3,1.5,1,3.0,qualified,https://lolesports.com/en-US/news/msi-2021-qualified-teams-broadcast-schedule-watch-rewards,4.5,1.25,https://en.wikipedia.org/wiki/2021_League_of_Legends_World_Championship,22,6,28,28,11,0.7857142857142857,35.0,7.25,27.75,1.625,29.375,2,1,0,0,20,5,22,5,27,26,8,0.8148148148148148,35.0,3.5,31.5,1.125,32.625,2,0,0,0,20,5,6,2,8,8,4,0.75,12.0,1.5,10.5,0.5,11.0,1,0,0,0,5,2,2,2,4,7,9,0.5,10.0,5.0,5.0,1.3333333333333333,6.333333333333333,2,2,0,0,0,0,0,1,1,2,3,0.0,0,3.75,-3.75,0.5,-3.25,0,1,0,0,0,0,0,1,1,2,3,0.0,0,3.75,-3.75,0.5,-3.25,0,1,0,0,0,0
2022-LCK-DRX,2022,LCK,DRX,DRX,complete,,Rogue,16.6875,4,0.0,,0,not_qualified,https://lolesports.com/en-US/news/msi-updates---group-draw-results-adjusted-dates-and-venue,0.0,16.6875,https://en.wikipedia.org/wiki/2022_League_of_Legends_World_Championship,13,2,15,19,7,0.8666666666666667,42.5,2.0,40.5,2.4375,42.9375,3,0,0,0,10,2,11,2,13,13,4,0.8461538461538461,27.5,2.0,25.5,0.75,26.25,1,0,0,0,10,2,5,2,7,7,4,0.7142857142857143,15.5,2.0,13.5,0.75,14.25,1,0,0,0,4,2,0,0,0,0,0,,,,,,,0,0,0,0,0,0,2,0,2,6,3,1.0,15.0,0.0,15.0,1.6875,16.6875,2,0,0,0,0,0,2,0,2,6,3,1.0,15.0,0.0,15.0,1.6875,16.6875,2,0,0,0,0,0
2022-LCK-DK,2022,LCK,DWG KIA,DK,complete,,Rogue,-3.25,3,1.5,,0,not_qualified,https://lolesports.com/en-US/news/msi-updates---group-draw-results-adjusted-dates-and-venue,1.5,-1.75,https://en.wikipedia.org/wiki/2022_League_of_Legends_World_Championship,5,3,8,7,5,0.625,10.0,5.75,4.25,0.5,4.75,0,1,0,0,5,2,5,2,7,5,2,0.7142857142857143,10.0,2.0,8.0,0.0,8.0,0,0,0,0,5,2,1,2,3,1,2,0.3333333333333333,2.0,2.0,0.0,0.0,0.0,0,0,0,0,1,2,0,2,2,4,6,0.0,0,5.0,-5.0,0.6666666666666667,-4.333333333333333,0,2,0,0,0,0,0,1,1,2,3,0.0,0,3.75,-3.75,0.5,-3.25,0,1,0,0,0,0,0,1,1,2,3,0.0,0,3.75,-3.75,0.5,-3.25,0,1,0,0,0,0
2022-LCK-GEN,2022,LCK,Gen.G eSports,GEN,complete,,Rogue,4.8125,1,4.5,,0,not_qualified,https://lolesports.com/en-US/news/msi-updates---group-draw-results-adjusted-dates-and-venue,4.5,9.3125,https://en.wikipedia.org/wiki/2022_League_of_Legends_World_Championship,7,2,9,10,6,0.7777777777777778,19.5,4.75,14.75,1.0625,15.8125,1,1,0,0,6,1,6,1,7,6,1,0.8571428571428571,12.0,1.0,11.0,0.0,11.0,0,0,0,0,6,1,2,1,3,2,1,0.6666666666666666,4.0,1.0,3.0,0.0,3.0,0,0,0,0,2,1,2,1,3,7,5,0.6666666666666666,10.0,2.5,7.5,1.5416666666666667,9.041666666666666,2,1,0,0,0,0,1,1,2,4,5,0.5,7.5,3.75,3.75,1.0625,4.8125,1,1,0,0,0,0,1,1,2,4,5,0.5,7.5,3.75,3.75,1.0625,4.8125,1,1,0,0,0,0
2022-LCK-T1,2022,LCK,T1,T1,complete,,Rogue,-3.25,2,3.0,1,3.0,qualified,https://lolesports.com/en-US/news/msi-updates---group-draw-results-adjusted-dates-and-venue,6.0,2.75,https://en.wikipedia.org/wiki/2022_League_of_Legends_World_Championship,21,6,27,31,11,0.7777777777777778,43.0,8.75,34.25,3.854166666666667,38.104166666666664,3,2,0,0,18,4,21,5,26,29,8,0.8076923076923077,43.0,5.0,38.0,3.354166666666667,41.354166666666664,3,1,0,0,18,4,5,2,7,11,5,0.7142857142857143,20.0,3.0,17.0,2.5208333333333335,19.520833333333332,2,1,0,0,3,1,2,1,3,6,6,0.6666666666666666,10.0,2.5,7.5,1.125,8.625,2,1,0,0,0,0,0,1,1,2,3,0.0,0,3.75,-3.75,0.5,-3.25,0,1,0,0,0,0,0,1,1,2,3,0.0,0,3.75,-3.75,0.5,-3.25,0,1,0,0,0,0
2022-LPL-EDG,2022,LPL,Edward Gaming,EDG,complete,,Rogue,,3,1.5,,0,not_qualified,https://lolesports.com/en-US/news/msi-updates---group-draw-results-adjusted-dates-and-venue,1.5,1.5,https://en.wikipedia.org/wiki/2022_League_of_Legends_World_Championship,4,3,7,6,5,0.5714285714285714,8.0,5.75,2.25,0.5,2.75,0,1,0,0,4,2,4,3,7,6,5,0.5714285714285714,8.0,5.75,2.25,0.5,2.75,0,1,0,0,4,2,0,3,3,2,5,0.0,0,5.75,-5.75,0.5,-5.25,0,1,0,0,0,2,2,2,4,8,9,0.5,10.0,5.0,5.0,1.4583333333333335,6.458333333333334,2,2,0,0,0,0,0,0,0,0,0,,,,,,,0,0,0,0,0,0,0,0,0,0,0,,,,,,,0,0,0,0,0,0
2022-LPL-JDG,2022,LPL,JD Gaming,JDG,complete,,Rogue,,1,4.5,,0,not_qualified,https://lolesports.com/en-US/news/msi-updates---group-draw-results-adjusted-dates-and-venue,4.5,4.5,https://en.wikipedia.org/wiki/2022_League_of_Legends_World_Championship,7,2,9,10,4,0.7777777777777778,19.5,4.75,14.75,1.5625,16.3125,1,1,0,0,6,1,7,2,9,10,4,0.7777777777777778,19.5,4.75,14.75,1.5625,16.3125,1,1,0,0,6,1,3,2,5,6,4,0.6,11.5,4.75,6.75,1.5625,8.3125,1,1,0,0,2,1,2,1,3,8,7,0.6666666666666666,10.0,2.5,7.5,1.3333333333333335,8.833333333333334,2,1,0,0,0,0,0,0,0,0,0,,,,,,,0,0,0,0,0,0,0,0,0,0,0,,,,,,,0,0,0,0,0,0
2022-LPL-RNG,2022,LPL,Royal Never Give Up,RNG,complete,,Rogue,,4,0.0,1,3.0,qualified,https://lolesports.com/en-US/news/msi-updates---group-draw-results-adjusted-dates-and-venue,3.0,3.0,https://en.wikipedia.org/wiki/2022_League_of_Legends_World_Championship,26,6,32,32,11,0.8125,49.5,7.75,41.75,2.2708333333333335,44.020833333333336,3,1,0,0,23,5,26,6,32,32,11,0.8125,49.5,7.75,41.75,2.2708333333333335,44.020833333333336,3,1,0,0,23,5,3,5,8,5,9,0.375,8.0,7.25,0.75,0.5,1.25,1,1,0,0,2,4,3,2,5,12,11,0.6,15.0,5.0,10.0,2.1666666666666665,12.166666666666666,3,2,0,0,0,0,0,0,0,0,0,,,,,,,0,0,0,0,0,0,0,0,0,0,0,,,,,,,0,0,0,0,0,0
2022-LPL-TES,2022,LPL,Top Esports,TES,complete,,Rogue,,2,3.0,,0,not_qualified,https://lolesports.com/en-US/news/msi-updates---group-draw-results-adjusted-dates-and-venue,3.0,3.0,https://en.wikipedia.org/wiki/2022_League_of_Legends_World_Championship,3,3,6,3,3,0.5,6.0,3.0,3.0,0.0,3.0,0,0,0,0,3,3,3,3,6,3,3,0.5,6.0,3.0,3.0,0.0,3.0,0,0,0,0,3,3,2,2,4,2,2,0.5,4.0,2.0,2.0,0.0,2.0,0,0,0,0,2,2,2,4,6,13,14,0.3333333333333333,10.0,10.0,0.0,2.541666666666667,2.541666666666667,2,4,0,0,0,0,0,0,0,0,0,,,,,,,0,0,0,0,0,0,0,0,0,0,0,,,,,,,0,0,0,0,0,0
2023-LCK-DK,2023,LCK,Dplus KIA,DK,complete,,G2 Esports,-2.75,4,0.0,,0,not_qualified,https://lolesports.com/en-GB/news/msi-2023-primer,0.0,-2.75,https://lolesports.com/en-US/news/worlds-2023-primer,2,3,5,4,4,0.4,7.0,3.75,3.25,1.1666666666666667,4.416666666666667,0,0,2,1,0,2,2,1,3,4,1,0.6666666666666666,7.0,1.0,6.0,1.1666666666666667,7.166666666666667,0,0,2,0,0,1,0,1,1,0,1,0.0,0,1.0,-1.0,0.0,-1.0,0,0,0,0,0,1,0,1,1,1,3,0.0,0,2.5,-2.5,0.20833333333333334,-2.2916666666666665,0,1,0,0,0,0,0,2,2,0,3,0.0,0,2.75,-2.75,0.0,-2.75,0,0,0,1,0,1,0,2,2,0,3,0.0,0,2.75,-2.75,0.0,-2.75,0,0,0,1,0,1
2023-LCK-GEN,2023,LCK,Gen.G eSports,GEN,complete,,G2 Esports,-0.16666666666666663,1,4.5,1,3.0,qualified,https://lolesports.com/en-GB/news/msi-2023-primer,7.5,7.333333333333333,https://lolesports.com/en-US/news/worlds-2023-primer,5,3,8,14,10,0.625,17.5,8.75,8.75,2.875,11.625,2,3,1,0,2,0,4,2,6,11,7,0.6666666666666666,15.5,6.25,9.25,2.541666666666667,11.791666666666668,2,2,1,0,1,0,2,2,4,7,7,0.5,8.5,6.25,2.25,1.7083333333333335,3.9583333333333335,1,2,1,0,0,0,4,1,5,13,7,0.8,20.0,2.5,17.5,2.7916666666666665,20.291666666666668,4,1,0,0,0,0,1,1,2,3,3,0.5,2.0,2.5,-0.5,0.33333333333333337,-0.16666666666666663,0,1,0,0,1,0,1,1,2,3,3,0.5,2.0,2.5,-0.5,0.33333333333333337,-0.16666666666666663,0,1,0,0,1,0
2023-LCK-KT,2023,LCK,KT Rolster,KT,complete,,G2 Esports,6.083333333333333,3,1.5,,0,not_qualified,https://lolesports.com/en-GB/news/msi-2023-primer,1.5,7.583333333333333,https://lolesports.com/en-US/news/worlds-2023-primer,3,3,6,6,6,0.5,7.5,6.5,1.0,1.090277777777778,2.0902777777777777,0,1,1,1,2,1,1,3,4,3,6,0.25,2.0,6.5,-4.5,0.5069444444444444,-3.9930555555555554,0,1,0,1,1,1,1,3,4,3,6,0.25,2.0,6.5,-4.5,0.5069444444444444,-3.9930555555555554,0,1,0,1,1,1,0,4,4,7,12,0.0,0,10.0,-10.0,1.2083333333333335,-8.791666666666666,0,4,0,0,0,0,2,0,2,3,0,1.0,5.5,0.0,5.5,0.5833333333333334,6.083333333333333,0,0,1,0,1,0,2,0,2,3,0,1.0,5.5,0.0,5.5,0.5833333333333334,6.083333333333333,0,0,1,0,1,0
2023-LCK-T1,2023,LCK,T1,T1,complete,,G2 Esports,4.5,2,3.0,2,1.5,qualified,https://lolesports.com/en-GB/news/msi-2023-primer,4.5,9.0,https://lolesports.com/en-US/news/worlds-2023-primer,8,3,11,22,10,0.7272727272727273,40.0,6.0,34.0,5.895833333333333,39.895833333333336,5,2,1,0,2,1,7,2,9,19,7,0.7777777777777778,35.0,5.0,30.0,5.395833333333333,35.395833333333336,4,2,1,0,2,0,4,2,6,14,7,0.6666666666666666,26.0,5.0,21.0,4.5625,25.5625,3,2,1,0,0,0,5,3,8,18,17,0.625,25.0,7.5,17.5,3.2916666666666665,20.791666666666668,5,3,0,0,0,0,1,1,2,3,3,0.5,5.0,1.0,4.0,0.5,4.5,1,0,0,0,0,1,1,1,2,3,3,0.5,5.0,1.0,4.0,0.5,4.5,1,0,0,0,0,1
2023-LPL-BLG,2023,LPL,Bilibili Gaming,BLG,complete,,G2 Esports,-9.041666666666666,2,3.0,2,1.5,qualified,https://lolesports.com/en-GB/news/msi-2023-primer,4.5,-4.541666666666666,https://lolesports.com/en-US/news/worlds-2023-primer,10,5,15,26,18,0.6666666666666666,40.0,11.5,28.5,5.458333333333333,33.958333333333336,5,3,3,1,2,1,10,1,11,23,8,0.9090909090909091,40.0,1.75,38.25,4.75,43.0,5,0,3,1,2,0,6,1,7,15,7,0.8571428571428571,28.0,1.75,26.25,3.2222222222222223,29.47222222222222,4,0,1,1,1,0,1,4,5,7,12,0.2,5.0,10.0,-5.0,1.5833333333333335,-3.4166666666666665,1,4,0,0,0,0,0,4,4,3,10,0.0,0,9.75,-9.75,0.7083333333333334,-9.041666666666666,0,3,0,0,0,1,0,4,4,3,10,0.0,0,9.75,-9.75,0.7083333333333334,-9.041666666666666,0,3,0,0,0,1
2023-LPL-JDG,2023,LPL,JD Gaming,JDG,complete,,G2 Esports,17.34722222222222,1,4.5,1,3.0,qualified,https://lolesports.com/en-GB/news/msi-2023-primer,7.5,24.84722222222222,https://lolesports.com/en-US/news/worlds-2023-primer,8,1,9,20,8,0.8888888888888888,35.0,3.75,31.25,4.430555555555555,35.68055555555556,5,1,1,0,2,0,4,1,5,11,6,0.8,19.5,3.75,15.75,2.5833333333333335,18.333333333333332,3,1,0,0,1,0,2,1,3,7,6,0.6666666666666666,12.5,3.75,8.75,1.75,10.5,2,1,0,0,0,0,5,0,5,15,7,1.0,25.0,0.0,25.0,2.9583333333333335,27.958333333333332,5,0,0,0,0,0,4,0,4,9,2,1.0,15.5,0.0,15.5,1.8472222222222223,17.34722222222222,2,0,1,0,1,0,4,0,4,9,2,1.0,15.5,0.0,15.5,1.8472222222222223,17.34722222222222,2,0,1,0,1,0
2023-LPL-LNG,2023,LPL,LNG Esports,LNG,complete,,G2 Esports,-1.5555555555555556,3,1.5,,0,not_qualified,https://lolesports.com/en-GB/news/msi-2023-primer,1.5,-0.05555555555555558,https://lolesports.com/en-US/news/worlds-2023-primer,3,2,5,5,6,0.6,7.5,5.5,2.0,0.5833333333333334,2.5833333333333335,0,1,1,1,2,0,3,1,4,4,4,0.75,7.5,3.75,3.75,0.3888888888888889,4.138888888888889,0,1,1,0,2,0,1,1,2,2,4,0.5,3.5,3.75,-0.25,0.3888888888888889,0.1388888888888889,0,1,1,0,0,0,2,2,4,10,9,0.5,10.0,5.0,5.0,1.7916666666666667,6.791666666666667,2,2,0,0,0,0,0,1,1,1,2,0.0,0,1.75,-1.75,0.19444444444444445,-1.5555555555555556,0,0,0,1,0,0,0,1,1,1,2,0.0,0,1.75,-1.75,0.19444444444444445,-1.5555555555555556,0,0,0,1,0,0
2023-LPL-WBG,2023,LPL,Weibo Gaming,WBG,complete,,G2 Esports,8.25,4,0.0,,0,not_qualified,https://lolesports.com/en-GB/news/msi-2023-primer,0.0,8.25,https://lolesports.com/en-US/news/worlds-2023-primer,5,3,8,11,8,0.625,24.0,5.75,18.25,2.9722222222222223,21.22222222222222,2,1,2,0,1,2,4,3,7,8,6,0.5714285714285714,16.5,5.75,10.75,2.2222222222222223,12.972222222222221,1,1,2,0,1,2,0,3,3,0,5,0.0,0,5.75,-5.75,0.0,-5.75,0,1,0,0,0,2,0,2,2,2,6,0.0,0,5.0,-5.0,0.33333333333333337,-4.666666666666667,0,2,0,0,0,0,1,0,1,3,2,1.0,7.5,0.0,7.5,0.75,8.25,1,0,0,0,0,0,1,0,1,3,2,1.0,7.5,0.0,7.5,0.75,8.25,1,0,0,0,0,0
2024-LCK-DK,2024,LCK,Dplus KIA,DK,complete,,G2 Esports,,3,1.5,,0,not_qualified,https://lolesports.com/en-US/news/msi-2024-primer,1.5,1.5,https://lolesports.com/en-US/news/worlds-2024-primer,2,3,5,3,6,0.4,4.0,5.25,-1.25,0.19444444444444445,-1.0555555555555556,0,0,0,3,2,0,2,3,5,3,6,0.4,4.0,5.25,-1.25,0.19444444444444445,-1.0555555555555556,0,0,0,3,2,0,0,3,3,1,6,0.0,0,5.25,-5.25,0.19444444444444445,-5.055555555555555,0,0,0,3,0,0,1,4,5,6,14,0.2,5.0,10.0,-5.0,1.0416666666666667,-3.958333333333333,1,4,0,0,0,0,0,0,0,0,0,,,,,,,0,0,0,0,0,0,0,0,0,0,0,,,,,,,0,0,0,0,0,0
2024-LCK-GEN,2024,LCK,Gen.G eSports,GEN,complete,,G2 Esports,0.45138888888888884,2,3.0,1,3.0,qualified,https://lolesports.com/en-US/news/msi-2024-primer,6.0,6.451388888888889,https://lolesports.com/en-US/news/worlds-2024-primer,8,1,9,20,10,0.8888888888888888,35.0,3.75,31.25,4.034722222222222,35.28472222222222,5,1,1,0,2,0,7,0,7,17,6,1.0,31.5,0.0,31.5,3.3333333333333335,34.833333333333336,5,0,0,0,2,0,5,0,5,11,4,1.0,19.0,0.0,19.0,1.75,20.75,3,0,0,0,2,0,5,1,6,17,9,0.8333333333333334,25.0,2.5,22.5,3.416666666666667,25.916666666666668,5,1,0,0,0,0,1,1,2,3,4,0.5,3.5,3.75,-0.25,0.7013888888888888,0.45138888888888884,0,1,1,0,0,0,1,1,2,3,4,0.5,3.5,3.75,-0.25,0.7013888888888888,0.45138888888888884,0,1,1,0,0,0
2024-LCK-HLE,2024,LCK,Hanwha Life eSports,HLE,complete,,G2 Esports,-1.5555555555555556,1,4.5,,0,not_qualified,https://lolesports.com/en-US/news/msi-2024-primer,4.5,2.9444444444444446,https://lolesports.com/en-US/news/worlds-2024-primer,3,2,5,6,6,0.6,7.5,5.5,2.0,0.8958333333333334,2.8958333333333335,0,1,1,1,2,0,3,1,4,5,4,0.75,7.5,3.75,3.75,0.7013888888888888,4.451388888888889,0,1,1,0,2,0,1,1,2,2,3,0.5,2.0,3.75,-1.75,0.3125,-1.4375,0,1,0,0,1,0,4,3,7,15,12,0.5714285714285714,20.0,7.5,12.5,3.416666666666667,15.916666666666668,4,3,0,0,0,0,0,1,1,1,2,0.0,0,1.75,-1.75,0.19444444444444445,-1.5555555555555556,0,0,0,1,0,0,0,1,1,1,2,0.0,0,1.75,-1.75,0.19444444444444445,-1.5555555555555556,0,0,0,1,0,0
2024-LCK-T1,2024,LCK,T1,T1,complete,,G2 Esports,8.4375,4,0.0,2,1.5,qualified,https://lolesports.com/en-US/news/msi-2024-primer,1.5,9.9375,https://lolesports.com/en-US/news/worlds-2024-primer,11,3,14,29,13,0.7857142857142857,50.0,6.0,44.0,6.854166666666667,50.854166666666664,6,2,3,0,2,1,10,3,13,26,12,0.7692307692307693,42.5,6.0,36.5,5.916666666666667,42.416666666666664,5,2,3,0,2,1,6,3,9,18,11,0.6666666666666666,30.5,6.0,24.5,4.458333333333333,28.958333333333332,4,2,1,0,1,1,3,5,8,14,17,0.375,15.0,12.5,2.5,2.9583333333333335,5.458333333333334,3,5,0,0,0,0,1,0,1,3,1,1.0,7.5,0.0,7.5,0.9375,8.4375,1,0,0,0,0,0,1,0,1,3,1,1.0,7.5,0.0,7.5,0.9375,8.4375,1,0,0,0,0,0
2024-LPL-BLG,2024,LPL,Bilibili Gaming,BLG,complete,,G2 Esports,7.75,1,4.5,1,3.0,qualified,https://lolesports.com/en-US/news/msi-2024-primer,7.5,15.25,https://lolesports.com/en-US/news/worlds-2024-primer,8,5,13,24,18,0.6153846153846154,39.0,10.75,28.25,5.701388888888889,33.951388888888886,5,3,2,0,1,2,7,4,11,21,17,0.6363636363636364,31.5,9.75,21.75,4.451388888888889,26.20138888888889,4,3,2,0,1,1,4,4,8,15,15,0.5,21.0,9.75,11.25,3.3680555555555554,14.618055555555555,3,3,1,0,0,1,5,0,5,15,4,1.0,25.0,0.0,25.0,3.416666666666667,28.416666666666668,5,0,0,0,0,0,1,1,2,3,1,0.5,7.5,1.0,6.5,1.25,7.75,1,0,0,0,0,1,1,1,2,3,1,0.5,7.5,1.0,6.5,1.25,7.75,1,0,0,0,0,1
2024-LPL-LNG,2024,LPL,LNG Esports,LNG,complete,,G2 Esports,-1.4375,3,1.5,,0,not_qualified,https://lolesports.com/en-US/news/msi-2024-primer,1.5,0.0625,https://lolesports.com/en-US/news/worlds-2024-primer,3,1,4,5,3,0.75,7.5,3.75,3.75,0.8958333333333334,4.645833333333333,0,1,1,0,2,0,2,0,2,3,0,1.0,5.5,0.0,5.5,0.5833333333333334,6.083333333333333,0,0,1,0,1,0,1,0,1,2,0,1.0,3.5,0.0,3.5,0.5833333333333334,4.083333333333333,0,0,1,0,0,0,1,3,4,7,9,0.25,5.0,7.5,-2.5,1.5,-1.0,1,3,0,0,0,0,1,1,2,2,3,0.5,2.0,3.75,-1.75,0.3125,-1.4375,0,1,0,0,1,0,1,1,2,2,3,0.5,2.0,3.75,-1.75,0.3125,-1.4375,0,1,0,0,1,0
2024-LPL-TES,2024,LPL,Top Esports,TES,complete,,G2 Esports,,2,3.0,2,1.5,qualified,https://lolesports.com/en-US/news/msi-2024-primer,4.5,4.5,https://lolesports.com/en-US/news/worlds-2024-primer,6,4,10,13,11,0.6,17.5,9.75,7.75,2.4444444444444446,10.194444444444445,1,3,3,0,2,1,6,4,10,13,11,0.6,17.5,9.75,7.75,2.4444444444444446,10.194444444444445,1,3,3,0,2,1,2,4,6,5,10,0.3333333333333333,5.5,9.75,-4.25,0.9166666666666667,-3.333333333333333,0,3,1,0,1,1,1,4,5,9,12,0.2,5.0,10.0,-5.0,1.9166666666666667,-3.083333333333333,1,4,0,0,0,0,0,0,0,0,0,,,,,,,0,0,0,0,0,0,0,0,0,0,0,,,,,,,0,0,0,0,0,0
2024-LPL-WBG,2024,LPL,Weibo Gaming,WBG,complete,,G2 Esports,4.6875,4,0.0,,0,not_qualified,https://lolesports.com/en-US/news/msi-2024-primer,0.0,4.6875,https://lolesports.com/en-US/news/worlds-2024-primer,4,3,7,8,8,0.5714285714285714,16.5,5.75,10.75,1.7152777777777777,12.465277777777779,1,1,2,0,1,2,3,2,5,5,4,0.6,9.0,2.0,7.0,0.7777777777777778,7.777777777777778,0,0,2,0,1,2,1,2,3,2,3,0.3333333333333333,3.5,2.0,1.5,0.3888888888888889,1.8888888888888888,0,0,1,0,0,2,3,3,6,9,15,0.5,15.0,7.5,7.5,1.5,9.0,3,3,0,0,0,0,1,1,2,3,4,0.5,7.5,3.75,3.75,0.9375,4.6875,1,1,0,0,0,0,1,1,2,3,4,0.5,7.5,3.75,3.75,0.9375,4.6875,1,1,0,0,0,0
2025-LCK-GEN,2025,LCK,Gen.G eSports,GEN,complete,,G2 Esports,18.0,1,4.5,1,3.0,qualified,https://lolesports.com/en-au/news/msi-2025-primer,7.5,25.5,https://lolesports.com/en-US/news/worlds-2025-primer,8,2,10,20,12,0.8,35.0,4.75,30.25,3.9583333333333335,34.208333333333336,5,1,1,0,2,1,4,1,5,9,4,0.8,15.5,1.0,14.5,1.7083333333333335,16.208333333333332,2,0,1,0,1,1,3,1,4,8,4,0.75,13.5,1.0,12.5,1.7083333333333335,14.208333333333334,2,0,1,0,0,1,4,3,7,18,14,0.5714285714285714,20.0,7.5,12.5,3.4583333333333335,15.958333333333334,4,3,0,0,0,0,4,1,5,11,8,0.8,19.5,3.75,15.75,2.25,18.0,3,1,0,0,1,0,4,1,5,11,8,0.8,19.5,3.75,15.75,2.25,18.0,3,1,0,0,1,0
2025-LCK-HLE,2025,LCK,Hanwha Life eSports,HLE,complete,,G2 Esports,-3.4375,2,3.0,,0,not_qualified,https://lolesports.com/en-au/news/msi-2025-primer,3.0,-0.4375,https://lolesports.com/en-US/news/worlds-2025-primer,3,2,5,5,4,0.6,7.5,4.75,2.75,0.8958333333333334,3.6458333333333335,0,1,1,0,2,1,3,1,4,4,1,0.75,7.5,1.0,6.5,0.5833333333333334,7.083333333333333,0,0,1,0,2,1,0,1,1,0,1,0.0,0,1.0,-1.0,0.0,-1.0,0,0,0,0,0,1,5,3,8,18,15,0.625,25.0,7.5,17.5,3.7083333333333335,21.208333333333332,5,3,0,0,0,0,0,1,1,1,3,0.0,0,3.75,-3.75,0.3125,-3.4375,0,1,0,0,0,0,0,1,1,1,3,0.0,0,3.75,-3.75,0.3125,-3.4375,0,1,0,0,0,0
2025-LCK-KT,2025,LCK,KT Rolster,KT,complete,,G2 Esports,5.1875,3,1.5,,0,not_qualified,https://lolesports.com/en-au/news/msi-2025-primer,1.5,6.6875,https://lolesports.com/en-US/news/worlds-2025-primer,5,1,6,12,4,0.8333333333333334,22.5,3.75,18.75,3.2708333333333335,22.020833333333332,2,1,1,0,2,0,4,0,4,7,0,1.0,15.0,0.0,15.0,1.8333333333333335,16.833333333333332,1,0,1,0,2,0,1,0,1,2,0,1.0,3.5,0.0,3.5,0.5833333333333334,4.083333333333333,0,0,1,0,0,0,1,3,4,4,11,0.25,5.0,7.5,-2.5,0.7083333333333334,-1.7916666666666665,1,3,0,0,0,0,1,1,2,5,4,0.5,7.5,3.75,3.75,1.4375,5.1875,1,1,0,0,0,0,1,1,2,5,4,0.5,7.5,3.75,3.75,1.4375,5.1875,1,1,0,0,0,0
2025-LCK-T1,2025,LCK,T1,T1,complete,,G2 Esports,2.916666666666667,4,0.0,2,1.5,qualified,https://lolesports.com/en-au/news/msi-2025-primer,1.5,4.416666666666667,https://lolesports.com/en-US/news/worlds-2025-primer,10,4,14,30,17,0.7142857142857143,54.0,7.0,47.0,7.354166666666667,54.354166666666664,7,2,2,0,1,2,9,1,10,23,8,0.9,46.5,1.0,45.5,5.9375,51.4375,6,0,2,0,1,1,5,0,5,15,5,1.0,32.5,0.0,32.5,4.270833333333333,36.770833333333336,5,0,0,0,0,0,2,3,5,10,10,0.4,10.0,7.5,2.5,2.125,4.625,2,3,0,0,0,0,1,3,4,7,9,0.25,7.5,6.0,1.5,1.4166666666666667,2.916666666666667,1,2,0,0,0,1,1,3,4,7,9,0.25,7.5,6.0,1.5,1.4166666666666667,2.916666666666667,1,2,0,0,0,1
2025-LPL-AL,2025,LPL,Anyone's Legend,AL,complete,,G2 Esports,5.833333333333333,2,3.0,1,3.0,qualified,https://lolesports.com/en-au/news/msi-2025-primer,6.0,11.833333333333332,https://lolesports.com/en-US/news/worlds-2025-primer,6,3,9,19,12,0.6666666666666666,22.5,8.75,13.75,3.638888888888889,17.38888888888889,3,3,1,0,2,0,5,3,8,16,12,0.625,17.5,8.75,8.75,2.805555555555556,11.555555555555555,2,3,1,0,2,0,2,3,5,8,9,0.4,4.0,8.75,-4.75,1.1666666666666667,-3.583333333333333,0,3,0,0,2,0,3,2,5,11,9,0.6,15.0,5.0,10.0,2.375,12.375,3,2,0,0,0,0,1,0,1,3,0,1.0,5.0,0.0,5.0,0.8333333333333334,5.833333333333333,1,0,0,0,0,0,1,0,1,3,0,1.0,5.0,0.0,5.0,0.8333333333333334,5.833333333333333,1,0,0,0,0,0
2025-LPL-BLG,2025,LPL,Bilibili Gaming,BLG,complete,,G2 Esports,-4.055555555555555,1,4.5,2,1.5,qualified,https://lolesports.com/en-au/news/msi-2025-primer,6.0,1.9444444444444446,https://lolesports.com/en-US/news/worlds-2025-primer,6,5,11,16,13,0.5454545454545454,25.5,8.75,16.75,3.5694444444444446,20.319444444444443,4,2,1,1,1,2,6,3,9,15,8,0.6666666666666666,25.5,4.5,21.0,3.375,24.375,4,1,1,0,1,2,1,2,3,3,4,0.3333333333333333,5.0,3.5,1.5,0.8333333333333334,2.3333333333333335,1,1,0,0,0,1,6,3,9,22,15,0.6666666666666666,30.0,7.5,22.5,4.666666666666667,27.166666666666668,6,3,0,0,0,0,0,2,2,1,5,0.0,0,4.25,-4.25,0.19444444444444445,-4.055555555555555,0,1,0,1,0,0,0,2,2,1,5,0.0,0,4.25,-4.25,0.19444444444444445,-4.055555555555555,0,1,0,1,0,0
2025-LPL-iG,2025,LPL,Invictus Gaming,iG,complete,,G2 Esports,,4,0.0,,0,not_qualified,https://lolesports.com/en-au/news/msi-2025-primer,0.0,0.0,https://lolesports.com/en-US/news/worlds-2025-primer,0,1,1,1,3,0.0,0,3.75,-3.75,0.3125,-3.4375,0,1,0,0,0,0,0,1,1,1,3,0.0,0,3.75,-3.75,0.3125,-3.4375,0,1,0,0,0,0,0,1,1,1,3,0.0,0,3.75,-3.75,0.3125,-3.4375,0,1,0,0,0,0,0,6,6,4,18,0.0,0,15.0,-15.0,0.8333333333333334,-14.166666666666666,0,6,0,0,0,0,0,0,0,0,0,,,,,,,0,0,0,0,0,0,0,0,0,0,0,,,,,,,0,0,0,0,0,0
2025-LPL-TES,2025,LPL,Top Esports,TES,complete,,G2 Esports,3.888888888888889,3,1.5,,0,not_qualified,https://lolesports.com/en-au/news/msi-2025-primer,1.5,5.388888888888889,https://lolesports.com/en-US/news/worlds-2025-primer,4,3,7,7,9,0.5714285714285714,15.0,7.25,7.75,1.3263888888888888,9.07638888888889,1,1,1,2,2,0,3,3,6,5,8,0.5,11.5,7.25,4.25,0.9375,5.1875,1,1,0,2,2,0,2,3,5,4,8,0.4,9.5,7.25,2.25,0.9375,3.1875,1,1,0,2,1,0,5,3,8,19,14,0.625,25.0,7.5,17.5,3.791666666666667,21.291666666666668,5,3,0,0,0,0,1,0,1,2,1,1.0,3.5,0.0,3.5,0.3888888888888889,3.888888888888889,0,0,1,0,0,0,1,0,1,2,1,1.0,3.5,0.0,3.5,0.3888888888888889,3.888888888888889,0,0,1,0,0,0
2026-LCK-DK,2026,LCK,Dplus KIA,DK,partial_year,2026-09-27,G2 Esports,,4,0.0,,0,not_qualified,https://lolesports.com/en-US/news/msi-2026-primer,0.0,0.0,https://koreaupclose.com/2026/09/26/all-four-lck-teams-are-headed-to-worlds-2026-after-gen-g-takes-the-top-seed/,0,0,0,0,0,,,,,,,0,0,0,0,0,0,0,0,0,0,0,,,,,,,0,0,0,0,0,0,0,0,0,0,0,,,,,,,0,0,0,0,0,0,1,2,3,5,8,0.3333333333333333,5.0,5.0,0.0,0.9166666666666667,0.9166666666666667,1,2,0,0,0,0,0,0,0,0,0,,,,,,,0,0,0,0,0,0,0,0,0,0,0,,,,,,,0,0,0,0,0,0
2026-LCK-GEN,2026,LCK,Gen.G,GEN,partial_year,2026-09-27,G2 Esports,,1,4.5,,0,not_qualified,https://lolesports.com/en-US/news/msi-2026-primer,4.5,4.5,https://koreaupclose.com/2026/09/26/all-four-lck-teams-are-headed-to-worlds-2026-after-gen-g-takes-the-top-seed/,0,0,0,0,0,,,,,,,0,0,0,0,0,0,0,0,0,0,0,,,,,,,0,0,0,0,0,0,0,0,0,0,0,,,,,,,0,0,0,0,0,0,3,1,4,11,6,0.75,15.0,2.5,12.5,2.2083333333333335,14.708333333333334,3,1,0,0,0,0,0,0,0,0,0,,,,,,,0,0,0,0,0,0,0,0,0,0,0,,,,,,,0,0,0,0,0,0
2026-LCK-HLE,2026,LCK,Hanwha Life Esports,HLE,partial_year,2026-09-27,G2 Esports,,2,3.0,1,3.0,qualified,https://lolesports.com/en-US/news/msi-2026-primer,6.0,6.0,https://koreaupclose.com/2026/09/26/all-four-lck-teams-are-headed-to-worlds-2026-after-gen-g-takes-the-top-seed/,4,1,5,13,7,0.8,20.0,2.5,17.5,2.875,20.375,4,1,0,0,0,0,4,1,5,13,7,0.8,20.0,2.5,17.5,2.875,20.375,4,1,0,0,0,0,2,1,3,7,5,0.6666666666666666,10.0,2.5,7.5,1.5416666666666667,9.041666666666666,2,1,0,0,0,0,3,2,5,11,10,0.6,15.0,5.0,10.0,2.1666666666666665,12.166666666666666,3,2,0,0,0,0,0,0,0,0,0,,,,,,,0,0,0,0,0,0,0,0,0,0,0,,,,,,,0,0,0,0,0,0
2026-LCK-T1,2026,LCK,T1,T1,partial_year,2026-09-27,G2 Esports,,3,1.5,2,1.5,qualified,https://lolesports.com/en-US/news/msi-2026-primer,3.0,3.0,https://koreaupclose.com/2026/09/26/all-four-lck-teams-are-headed-to-worlds-2026-after-gen-g-takes-the-top-seed/,4,2,6,15,6,0.6666666666666666,20.0,5.0,15.0,3.875,18.875,4,2,0,0,0,0,4,2,6,15,6,0.6666666666666666,20.0,5.0,15.0,3.875,18.875,4,2,0,0,0,0,0,2,2,3,6,0.0,0,5.0,-5.0,0.5416666666666667,-4.458333333333333,0,2,0,0,0,0,2,4,6,12,15,0.3333333333333333,10.0,10.0,0.0,2.2083333333333335,2.2083333333333335,2,4,0,0,0,0,0,0,0,0,0,,,,,,,0,0,0,0,0,0,0,0,0,0,0,,,,,,,0,0,0,0,0,0
2026-LPL-AL,2026,LPL,Anyone's Legend,AL,partial_year,2026-09-27,G2 Esports,,1,4.5,,0,not_qualified,https://lolesports.com/en-US/news/msi-2026-primer,4.5,4.5,https://nexusmeta.org/en/worlds-2026-progress,0,0,0,0,0,,,,,,,0,0,0,0,0,0,0,0,0,0,0,,,,,,,0,0,0,0,0,0,0,0,0,0,0,,,,,,,0,0,0,0,0,0,3,2,5,9,10,0.6,15.0,5.0,10.0,1.75,11.75,3,2,0,0,0,0,0,0,0,0,0,,,,,,,0,0,0,0,0,0,0,0,0,0,0,,,,,,,0,0,0,0,0,0
2026-LPL-BLG,2026,LPL,Bilibili Gaming,BLG,partial_year,2026-09-27,G2 Esports,,2,3.0,1,3.0,qualified,https://lolesports.com/en-US/news/msi-2026-primer,6.0,6.0,https://nexusmeta.org/en/worlds-2026-progress,3,1,4,11,6,0.75,15.0,2.5,12.5,2.291666666666667,14.791666666666668,3,1,0,0,0,0,3,1,4,11,6,0.75,15.0,2.5,12.5,2.291666666666667,14.791666666666668,3,1,0,0,0,0,2,1,3,8,6,0.6666666666666666,10.0,2.5,7.5,1.4583333333333335,8.958333333333334,2,1,0,0,0,0,3,1,4,10,3,0.75,15.0,2.5,12.5,2.7083333333333335,15.208333333333334,3,1,0,0,0,0,0,0,0,0,0,,,,,,,0,0,0,0,0,0,0,0,0,0,0,,,,,,,0,0,0,0,0,0
2026-LPL-iG,2026,LPL,Invictus Gaming,iG,partial_year,2026-09-27,G2 Esports,,4,0.0,,0,not_qualified,https://lolesports.com/en-US/news/msi-2026-primer,0.0,0.0,https://nexusmeta.org/en/worlds-2026-progress,0,0,0,0,0,,,,,,,0,0,0,0,0,0,0,0,0,0,0,,,,,,,0,0,0,0,0,0,0,0,0,0,0,,,,,,,0,0,0,0,0,0,1,3,4,7,11,0.25,5.0,7.5,-2.5,1.25,-1.25,1,3,0,0,0,0,0,0,0,0,0,,,,,,,0,0,0,0,0,0,0,0,0,0,0,,,,,,,0,0,0,0,0,0
2026-LPL-TES,2026,LPL,Top Esports,TES,partial_year,2026-09-27,G2 Esports,,3,1.5,2,1.5,qualified,https://lolesports.com/en-US/news/msi-2026-primer,3.0,3.0,https://nexusmeta.org/en/worlds-2026-progress,0,2,2,3,6,0.0,0,5.0,-5.0,0.5416666666666667,-4.458333333333333,0,2,0,0,0,0,0,2,2,3,6,0.0,0,5.0,-5.0,0.5416666666666667,-4.458333333333333,0,2,0,0,0,0,0,1,1,2,3,0.0,0,2.5,-2.5,0.33333333333333337,-2.1666666666666665,0,1,0,0,0,0,1,2,3,5,7,0.3333333333333333,5.0,5.0,0.0,0.9583333333333334,0.9583333333333334,1,2,0,0,0,0,0,0,0,0,0,,,,,,,0,0,0,0,0,0,0,0,0,0,0,,,,,,,0,0,0,0,0,0
